"site_id","monitoring_id","date_time_out","net_type","amount_nets","species","scientific_name","species_name","maori_name","native/nonnative","taonga","amount","sex","length_mm","weight_g","soft_shelled","berried","youngs","cups","mL","notes"
96,"96_0",2024-12-12 11:45:00,"Fyke",2,"Kōura","Paranephrops planifrons","Freshwater_crayfish","Kōura","Native","Yes",1,"M",53,52,NA,NA,NA,NA,NA,NA
98,"98_0",2024-11-07 13:30:00,"Box",2,"Kōura","Paranephrops planifrons","Freshwater_crayfish","Kōura","Native","Yes",1,"M",48.77,NA,NA,NA,NA,NA,NA,NA
109,"109_0",2024-11-01 12:59:59.995,"Fyke",2,"Kōaro","Galaxias brevipinnis","Climbing_galaxias","Kōaro","Native","Yes",1,NA,120,24,NA,NA,NA,NA,NA,NA
109,"109_0",2024-11-01 12:59:59.995,"Fyke",2,"Kōaro","Galaxias brevipinnis","Climbing_galaxias","Kōaro","Native","Yes",1,NA,75,8,NA,NA,NA,NA,NA,NA
109,"109_0",2024-11-01 12:59:59.995,"Fyke",2,"Kōaro","Galaxias brevipinnis","Climbing_galaxias","Kōaro","Native","Yes",1,NA,70,4,NA,NA,NA,NA,NA,NA
109,"109_0",2024-11-01 12:59:59.995,"Fyke",2,"Bullies","Gobiomorphus cotidianus","Common_bully","Toitoi","Native","No",15,NA,NA,NA,NA,NA,NA,NA,NA,NA
99,"99_0",2024-11-07 09:30:00,"Fyke",2,"Kōura","Paranephrops planifrons","Freshwater_crayfish","Kōura","Native","Yes",1,"M",48.33,87,NA,NA,NA,NA,NA,NA
98,"98_0",2024-11-07 13:30:00,"Box",2,"Kōura","Paranephrops planifrons","Freshwater_crayfish","Kōura","Native","Yes",1,"M",46.44,NA,NA,NA,NA,NA,NA,NA
103,"103_0",2024-11-08 11:39:59.995,"Fyke",2,"Kōura","Paranephrops planifrons","Freshwater_crayfish","Kōura","Native","Yes",1,"F",46.16,NA,NA,1,NA,NA,NA,NA
119,"119_0",2024-11-01 09:30:00,"Box",2,"Kōura","Paranephrops planifrons","Freshwater_crayfish","Kōura","Native","Yes",1,"M",46,65,NA,NA,NA,NA,NA,NA
102,"102_0",2024-11-07 11:27:00,"Box",2,"Kōura","Paranephrops planifrons","Freshwater_crayfish","Kōura","Native","Yes",1,"F",45,56,NA,NA,NA,NA,NA,NA
117,"117_0",2024-11-01 12:30:00,"Box",2,"Kōura","Paranephrops planifrons","Freshwater_crayfish","Kōura","Native","Yes",1,"F",45,NA,NA,NA,1,NA,NA,NA
109,"109_0",2024-11-01 12:59:59.995,"Box",2,"Bullies","Gobiomorphus cotidianus","Common_bully","Toitoi","Native","No",1,NA,NA,NA,NA,NA,NA,NA,NA,NA
115,"115_0",2024-11-01 14:10:00,"Box",2,"Kōura","Paranephrops planifrons","Freshwater_crayfish","Kōura","Native","Yes",1,"M",43,58,NA,NA,NA,NA,NA,NA
110,"110_0",2024-11-01 11:50:00,"Box",2,"Kōaro","Galaxias brevipinnis","Climbing_galaxias","Kōaro","Native","Yes",1,NA,70,3,NA,NA,NA,NA,NA,NA
110,"110_0",2024-11-01 11:49:59.995,"Box",2,"Bullies","Gobiomorphus cotidianus","Common_bully","Toitoi","Native","No",11,NA,NA,NA,NA,NA,NA,NA,NA,NA
114,"114_0",2024-11-01 11:29:59.995,"Box",2,"Kōura","Paranephrops planifrons","Freshwater_crayfish","Kōura","Native","Yes",1,"M",43,55,NA,NA,NA,NA,NA,NA
96,"96_0",2024-12-12 11:45:00,"Fyke",2,"Kōura","Paranephrops planifrons","Freshwater_crayfish","Kōura","Native","Yes",1,"F",43,50,NA,NA,NA,NA,NA,NA
92,"92_0",2024-12-12 10:57:59.995,"Box",2,"Kōura","Paranephrops planifrons","Freshwater_crayfish","Kōura","Native","Yes",1,"M",42.99,57,NA,NA,NA,NA,NA,NA
119,"119_0",2024-11-01 09:30:00,"Fyke",2,"Kōura","Paranephrops planifrons","Freshwater_crayfish","Kōura","Native","Yes",1,"M",42,54,NA,NA,NA,NA,NA,NA
95,"95_0",2024-12-12 12:30:00,"Fyke",2,"Kōura","Paranephrops planifrons","Freshwater_crayfish","Kōura","Native","Yes",1,"F",42,49,NA,NA,NA,NA,NA,NA
62,"62_0",2025-02-21 12:59:00,"Box",2,"Kōura","Paranephrops planifrons","Freshwater_crayfish","Kōura","Native","Yes",1,"M",41.79,56,NA,NA,NA,NA,NA,NA
110,"110_0",2024-11-01 11:49:59.995,"Fyke",2,"Kōura","Paranephrops planifrons","Freshwater_crayfish","Kōura","Native","Yes",1,"M",41,56,NA,NA,NA,NA,NA,NA
110,"110_0",2024-11-01 11:49:59.995,"Fyke",2,"Kōaro","Galaxias brevipinnis","Climbing_galaxias","Kōaro","Native","Yes",1,NA,140,36,NA,NA,NA,NA,NA,NA
110,"110_0",2024-11-01 11:49:59.995,"Fyke",2,"Kōaro","Galaxias brevipinnis","Climbing_galaxias","Kōaro","Native","Yes",1,NA,148,40,NA,NA,NA,NA,NA,NA
110,"110_0",2024-11-01 11:49:59.995,"Fyke",2,"Kōaro","Galaxias brevipinnis","Climbing_galaxias","Kōaro","Native","Yes",1,NA,156,48,NA,NA,NA,NA,NA,NA
110,"110_0",2024-11-01 11:49:59.995,"Fyke",2,"Kōaro","Galaxias brevipinnis","Climbing_galaxias","Kōaro","Native","Yes",1,NA,160,41,NA,NA,NA,NA,NA,NA
110,"110_0",2024-11-01 11:49:59.995,"Fyke",2,"Kōaro","Galaxias brevipinnis","Climbing_galaxias","Kōaro","Native","Yes",1,NA,115,19,NA,NA,NA,NA,NA,NA
110,"110_0",2024-11-01 11:49:59.99,"Fyke",2,"Kōaro","Galaxias brevipinnis","Climbing_galaxias","Kōaro","Native","Yes",1,NA,80,5,NA,NA,NA,NA,NA,NA
110,"110_0",2024-11-01 11:49:59.99,"Fyke",2,"Kōaro","Galaxias brevipinnis","Climbing_galaxias","Kōaro","Native","Yes",1,NA,70,3,NA,NA,NA,NA,NA,NA
110,"110_0",2024-11-01 11:49:59.99,"Fyke",2,"Common_smelt","Retropinna retropinna","Common_smelt","Common_smelt","Native","No",60,NA,NA,NA,NA,NA,NA,NA,NA,"Estimated"
110,"110_0",2024-11-01 11:49:59.99,"Fyke",2,"Bullies","Gobiomorphus cotidianus","Common_bully","Toitoi","Native","No",80,NA,NA,NA,NA,NA,NA,NA,NA,"Estimated"
110,"110_0",2024-11-01 11:49:59.99,"Fyke",2,"Kōaro","Galaxias brevipinnis","Climbing_galaxias","Kōaro","Native","Yes",1,NA,171,66,NA,NA,NA,NA,NA,NA
110,"110_0",2024-11-01 11:49:59.99,"Fyke",2,"Kōaro","Galaxias brevipinnis","Climbing_galaxias","Kōaro","Native","Yes",1,NA,150,37,NA,NA,NA,NA,NA,NA
110,"110_0",2024-11-01 11:49:59.99,"Fyke",2,"Kōaro","Galaxias brevipinnis","Climbing_galaxias","Kōaro","Native","Yes",1,NA,124,24,NA,NA,NA,NA,NA,NA
110,"110_0",2024-11-01 11:49:59.99,"Fyke",2,"Common_smelt","Retropinna retropinna","Common_smelt","Common_smelt","Native","No",40,NA,NA,NA,NA,NA,NA,NA,NA,"Estimated"
110,"110_0",2024-11-01 11:49:59.99,"Fyke",2,"Bullies","Gobiomorphus cotidianus","Common_bully","Toitoi","Native","No",40,NA,NA,NA,NA,NA,NA,NA,NA,"Estimated"
111,"111_0",2024-11-01 10:00:00,"Fyke",2,"Bullies","Gobiomorphus cotidianus","Common_bully","Toitoi","Native","No",180,NA,NA,NA,NA,NA,NA,NA,NA,"Estimated"
111,"111_0",2024-11-01 10:00:00,"Fyke",2,"Bullies","Gobiomorphus cotidianus","Common_bully","Toitoi","Native","No",200,NA,NA,NA,NA,NA,NA,NA,NA,"Estimated"
115,"115_0",2024-11-01 14:10:00,"Box",2,"Kōura","Paranephrops planifrons","Freshwater_crayfish","Kōura","Native","Yes",1,"M",41,53,NA,NA,NA,NA,NA,NA
96,"96_0",2024-12-12 11:45:00,"Fyke",2,"Kōura","Paranephrops planifrons","Freshwater_crayfish","Kōura","Native","Yes",1,"M",41,47,1,NA,NA,NA,NA,NA
111,"111_0",2024-11-01 10:00:00,"Box",2,"Bullies","Gobiomorphus cotidianus","Common_bully","Toitoi","Native","No",15,NA,NA,NA,NA,NA,NA,NA,NA,NA
111,"111_0",2024-11-01 10:00:00,"Box",2,"Kōaro","Galaxias brevipinnis","Climbing_galaxias","Kōaro","Native","Yes",1,NA,105,11,NA,NA,NA,NA,NA,NA
111,"111_0",2024-11-01 10:00:00,"Box",2,"Kōura","Paranephrops planifrons","Freshwater_crayfish","Kōura","Native","Yes",1,"M",41,46,NA,NA,NA,NA,NA,NA
114,"114_0",2024-11-01 11:30:00,"Fyke",2,"Kōaro","Galaxias brevipinnis","Climbing_galaxias","Kōaro","Native","Yes",1,NA,80,3,NA,NA,NA,NA,NA,NA
114,"114_0",2024-11-01 11:29:59.995,"Fyke",2,"Bullies","Gobiomorphus cotidianus","Common_bully","Toitoi","Native","No",50,NA,NA,NA,NA,NA,NA,NA,NA,"Estimated"
114,"114_0",2024-11-01 11:29:59.995,"Fyke",2,"Kōaro","Galaxias brevipinnis","Climbing_galaxias","Kōaro","Native","Yes",1,NA,125,20,NA,NA,NA,NA,NA,NA
92,"92_0",2024-12-12 10:57:59.995,"Box",2,"Kōura","Paranephrops planifrons","Freshwater_crayfish","Kōura","Native","Yes",1,"M",40.6,50,NA,NA,NA,NA,NA,NA
113,"113_0",2025-01-23 09:18:00,"Box",2,"Kōura","Paranephrops planifrons","Freshwater_crayfish","Kōura","Native","Yes",1,"F",40.56,43,NA,NA,NA,NA,NA,NA
114,"114_0",2024-11-01 11:29:59.995,"Box",2,"Bullies","Gobiomorphus cotidianus","Common_bully","Toitoi","Native","No",25,NA,NA,NA,NA,NA,NA,NA,NA,"Estimated"
114,"114_0",2024-11-01 11:29:59.995,"Fyke",2,"Common_smelt","Retropinna retropinna","Common_smelt","Common_smelt","Native","No",5,NA,NA,NA,NA,NA,NA,NA,NA,NA
114,"114_0",2024-11-01 11:29:59.995,"Fyke",2,"Bullies","Gobiomorphus cotidianus","Common_bully","Toitoi","Native","No",50,NA,NA,NA,NA,NA,NA,NA,NA,"Estimated"
73,"73_0",2025-01-17 11:29:59.995,"Fyke",2,"Kōura","Paranephrops planifrons","Freshwater_crayfish","Kōura","Native","Yes",1,"F",40.02,40,1,NA,NA,NA,NA,NA
115,"115_0",2024-11-01 14:10:00,"Box",2,"Kōura","Paranephrops planifrons","Freshwater_crayfish","Kōura","Native","Yes",1,"M",40,60,NA,NA,NA,NA,NA,NA
119,"119_0",2024-11-01 09:30:00,"Box",2,"Kōura","Paranephrops planifrons","Freshwater_crayfish","Kōura","Native","Yes",1,"M",40,50,NA,NA,NA,NA,NA,NA
115,"115_0",2024-11-01 14:10:00,"Fyke",2,"Kōura","Paranephrops planifrons","Freshwater_crayfish","Kōura","Native","Yes",1,"M",40,49,1,NA,NA,NA,NA,NA
115,"115_0",2024-11-01 14:10:00,"Box",2,"Kōura","Paranephrops planifrons","Freshwater_crayfish","Kōura","Native","Yes",1,"F",40,44,NA,NA,NA,NA,NA,NA
111,"111_0",2024-11-01 10:00:00,"Box",2,"Kōura","Paranephrops planifrons","Freshwater_crayfish","Kōura","Native","Yes",1,"M",40,42,1,NA,NA,NA,NA,NA
97,"97_0",2024-11-07 12:34:59.99,"Fyke",2,"Kōura","Paranephrops planifrons","Freshwater_crayfish","Kōura","Native","Yes",1,"M",40,NA,NA,NA,NA,NA,NA,NA
92,"92_0",2024-12-12 10:57:59.995,"Box",2,"Kōura","Paranephrops planifrons","Freshwater_crayfish","Kōura","Native","Yes",1,"F",39.82,44,NA,NA,NA,NA,NA,NA
73,"73_0",2025-01-17 11:29:59.995,"Fyke",2,"Kōura","Paranephrops planifrons","Freshwater_crayfish","Kōura","Native","Yes",1,"F",39.8,19,NA,NA,NA,NA,NA,NA
76,"76_0",2025-01-16 08:22:00,"Box",2,"Kōura","Paranephrops planifrons","Freshwater_crayfish","Kōura","Native","Yes",1,"M",39.44,49,NA,NA,NA,NA,NA,NA
96,"96_0",2024-12-12 11:45:00,"Fyke",2,"Kōura","Paranephrops planifrons","Freshwater_crayfish","Kōura","Native","Yes",1,"M",39,49,NA,NA,NA,NA,NA,NA
115,"115_0",2024-11-01 14:10:00,"Box",2,"Bullies","Gobiomorphus cotidianus","Common_bully","Toitoi","Native","No",10,NA,NA,NA,NA,NA,NA,NA,NA,NA
96,"96_0",2024-12-12 11:45:00,"Fyke",2,"Kōura","Paranephrops planifrons","Freshwater_crayfish","Kōura","Native","Yes",1,"M",39,44,NA,NA,NA,NA,NA,NA
96,"96_0",2024-12-12 11:45:00,"Fyke",2,"Kōura","Paranephrops planifrons","Freshwater_crayfish","Kōura","Native","Yes",1,"M",39,40,NA,NA,NA,NA,NA,NA
69,"69_0",2025-02-21 01:30:00,"Box",2,"Kōura","Paranephrops planifrons","Freshwater_crayfish","Kōura","Native","Yes",1,"F",38.55,45,NA,NA,NA,NA,NA,NA
73,"73_0",2025-01-17 11:29:59.995,"Fyke",2,"Kōura","Paranephrops planifrons","Freshwater_crayfish","Kōura","Native","Yes",1,"M",38.54,40,NA,NA,NA,NA,NA,NA
115,"115_0",2024-11-01 14:10:00,"Fyke",2,"Bullies","Gobiomorphus cotidianus","Common_bully","Toitoi","Native","No",60,NA,NA,NA,NA,NA,NA,NA,NA,"Estimated"
115,"115_0",2024-11-01 14:10:00,"Fyke",2,"Kōaro","Galaxias brevipinnis","Climbing_galaxias","Kōaro","Native","Yes",1,NA,225,154,NA,NA,NA,NA,NA,NA
115,"115_0",2024-11-01 14:10:00,"Fyke",2,"Goldfish","Carassius auratus","Goldfish","Morihana","Nonnative","No",1,NA,206,226,NA,NA,NA,NA,NA,NA
73,"73_0",2025-01-17 11:29:59.995,"Fyke",2,"Kōura","Paranephrops planifrons","Freshwater_crayfish","Kōura","Native","Yes",1,"M",38.53,37,NA,NA,NA,NA,NA,NA
66,"66_0",2025-02-21 12:20:00,"Box",2,"Kōura","Paranephrops planifrons","Freshwater_crayfish","Kōura","Native","Yes",1,"M",38.04,35,1,NA,NA,NA,NA,NA
96,"96_0",2024-12-12 11:45:00,"Fyke",2,"Kōura","Paranephrops planifrons","Freshwater_crayfish","Kōura","Native","Yes",1,"F",38,40,NA,NA,NA,NA,NA,NA
92,"92_0",2024-12-12 10:58:00,"Box",2,"Kōura","Paranephrops planifrons","Freshwater_crayfish","Kōura","Native","Yes",1,"F",37.85,36,NA,NA,NA,NA,NA,NA
96,"96_0",2024-12-12 11:45:00,"Fyke",2,"Kōura","Paranephrops planifrons","Freshwater_crayfish","Kōura","Native","Yes",1,"M",37,40,NA,NA,NA,NA,NA,NA
96,"96_0",2024-12-12 11:45:00,"Fyke",2,"Kōura","Paranephrops planifrons","Freshwater_crayfish","Kōura","Native","Yes",1,"M",37,35,NA,NA,NA,NA,NA,NA
115,"115_0",2024-11-01 14:10:00,"Fyke",2,"Bullies","Gobiomorphus cotidianus","Common_bully","Toitoi","Native","No",110,NA,NA,NA,NA,NA,NA,NA,NA,"Estimated"
115,"115_0",2024-11-01 14:10:00,"Fyke",2,"Common_smelt","Retropinna retropinna","Common_smelt","Common_smelt","Native","No",3,NA,NA,NA,NA,NA,NA,NA,NA,NA
116,"116_0",2024-11-01 13:20:00,"Box",2,"Bullies","Gobiomorphus cotidianus","Common_bully","Toitoi","Native","No",20,NA,NA,NA,NA,NA,NA,NA,NA,"Estimated"
116,"116_0",2024-11-01 13:20:00,"Fyke",2,"Goldfish","Carassius auratus","Goldfish","Morihana","Nonnative","No",1,NA,235,366,NA,NA,NA,NA,NA,NA
116,"116_0",2024-11-01 13:19:59.995,"Fyke",2,"Goldfish","Carassius auratus","Goldfish","Morihana","Nonnative","No",1,NA,205,235,NA,NA,NA,NA,NA,NA
116,"116_0",2024-11-01 13:19:59.995,"Fyke",2,"Goldfish","Carassius auratus","Goldfish","Morihana","Nonnative","No",1,NA,207,225,NA,NA,NA,NA,NA,NA
116,"116_0",2024-11-01 13:19:59.995,"Fyke",2,"Goldfish","Carassius auratus","Goldfish","Morihana","Nonnative","No",1,NA,177,136,NA,NA,NA,NA,NA,NA
116,"116_0",2024-11-01 13:19:59.995,"Fyke",2,"Goldfish","Carassius auratus","Goldfish","Morihana","Nonnative","No",1,NA,188,158,NA,NA,NA,NA,NA,NA
116,"116_0",2024-11-01 13:19:59.995,"Fyke",2,"Goldfish","Carassius auratus","Goldfish","Morihana","Nonnative","No",1,NA,161,115,NA,NA,NA,NA,NA,NA
116,"116_0",2024-11-01 13:19:59.995,"Fyke",2,"Goldfish","Carassius auratus","Goldfish","Morihana","Nonnative","No",1,NA,135,45,NA,NA,NA,NA,NA,NA
116,"116_0",2024-11-01 13:19:59.995,"Fyke",2,"Goldfish","Carassius auratus","Goldfish","Morihana","Nonnative","No",1,NA,85,21,NA,NA,NA,NA,NA,NA
116,"116_0",2024-11-01 13:19:59.995,"Fyke",2,"Goldfish","Carassius auratus","Goldfish","Morihana","Nonnative","No",1,NA,110,30,NA,NA,NA,NA,NA,NA
116,"116_0",2024-11-01 13:19:59.995,"Fyke",2,"Goldfish","Carassius auratus","Goldfish","Morihana","Nonnative","No",1,NA,80,11,NA,NA,NA,NA,NA,NA
116,"116_0",2024-11-01 13:19:59.995,"Fyke",2,"Goldfish","Carassius auratus","Goldfish","Morihana","Nonnative","No",1,NA,123,41,NA,NA,NA,NA,NA,NA
116,"116_0",2024-11-01 13:19:59.995,"Fyke",2,"Goldfish","Carassius auratus","Goldfish","Morihana","Nonnative","No",1,NA,115,23,NA,NA,NA,NA,NA,NA
116,"116_0",2024-11-01 13:19:59.995,"Fyke",2,"Goldfish","Carassius auratus","Goldfish","Morihana","Nonnative","No",1,NA,90,15,NA,NA,NA,NA,NA,NA
116,"116_0",2024-11-01 13:19:59.995,"Fyke",2,"Goldfish","Carassius auratus","Goldfish","Morihana","Nonnative","No",1,NA,125,44,NA,NA,NA,NA,NA,NA
116,"116_0",2024-11-01 13:19:59.995,"Fyke",2,"Goldfish","Carassius auratus","Goldfish","Morihana","Nonnative","No",1,NA,65,6,NA,NA,NA,NA,NA,NA
116,"116_0",2024-11-01 13:19:59.995,"Fyke",2,"Common_smelt","Retropinna retropinna","Common_smelt","Common_smelt","Native","No",100,NA,NA,NA,NA,NA,NA,NA,NA,"Estimated"
116,"116_0",2024-11-01 13:19:59.99,"Fyke",2,"Bullies","Gobiomorphus cotidianus","Common_bully","Toitoi","Native","No",1000,NA,NA,NA,NA,NA,NA,NA,NA,"Estimated"
116,"116_0",2024-11-01 13:19:59.99,"Fyke",2,"Kōaro","Galaxias brevipinnis","Climbing_galaxias","Kōaro","Native","Yes",1,NA,75,4,NA,NA,NA,NA,NA,NA
116,"116_0",2024-11-01 13:19:59.99,"Fyke",2,"Goldfish","Carassius auratus","Goldfish","Morihana","Nonnative","No",1,NA,195,224,NA,NA,NA,NA,NA,NA
116,"116_0",2024-11-01 13:19:59.99,"Fyke",2,"Kōaro","Galaxias brevipinnis","Climbing_galaxias","Kōaro","Native","Yes",1,NA,90,8,NA,NA,NA,NA,NA,NA
116,"116_0",2024-11-01 13:19:59.99,"Fyke",2,"Goldfish","Carassius auratus","Goldfish","Morihana","Nonnative","No",1,NA,63,4,NA,NA,NA,NA,NA,NA
116,"116_0",2024-11-01 13:19:59.99,"Fyke",2,"Goldfish","Carassius auratus","Goldfish","Morihana","Nonnative","No",1,NA,75,10,NA,NA,NA,NA,NA,NA
116,"116_0",2024-11-01 13:19:59.99,"Fyke",2,"Bullies","Gobiomorphus cotidianus","Common_bully","Toitoi","Native","No",400,NA,NA,NA,NA,NA,NA,NA,NA,"Estimated"
116,"116_0",2024-11-01 13:19:59.99,"Fyke",2,"Kōaro","Galaxias brevipinnis","Climbing_galaxias","Kōaro","Native","Yes",1,NA,85,3,NA,NA,NA,NA,NA,NA
116,"116_0",2024-11-01 13:20:00,"Fyke",2,"Common_smelt","Retropinna retropinna","Common_smelt","Common_smelt","Native","No",5,NA,NA,NA,NA,NA,NA,NA,NA,NA
117,"117_0",2024-11-01 12:30:00,"Fyke",2,"Bullies","Gobiomorphus cotidianus","Common_bully","Toitoi","Native","No",30,NA,NA,NA,NA,NA,NA,NA,NA,"Estimated"
96,"96_0",2024-12-12 11:45:00,"Fyke",2,"Kōura","Paranephrops planifrons","Freshwater_crayfish","Kōura","Native","Yes",1,"F",37,35,NA,NA,NA,NA,NA,NA
119,"119_0",2024-11-01 09:30:00,"Box",2,"Kōura","Paranephrops planifrons","Freshwater_crayfish","Kōura","Native","Yes",1,"M",37,34,NA,NA,NA,NA,NA,NA
73,"73_0",2025-01-17 11:29:59.995,"Fyke",2,"Kōura","Paranephrops planifrons","Freshwater_crayfish","Kōura","Native","Yes",1,"M",36.46,40,NA,NA,NA,NA,NA,NA
73,"73_0",2025-01-17 11:29:59.995,"Fyke",2,"Kōura","Paranephrops planifrons","Freshwater_crayfish","Kōura","Native","Yes",1,"M",36.46,30,NA,NA,NA,NA,NA,NA
73,"73_0",2025-01-17 11:30:00,"Fyke",2,"Kōura","Paranephrops planifrons","Freshwater_crayfish","Kōura","Native","Yes",1,"M",36.28,36,NA,NA,NA,NA,NA,NA
96,"96_0",2024-12-12 11:45:00,"Fyke",2,"Kōura","Paranephrops planifrons","Freshwater_crayfish","Kōura","Native","Yes",1,"M",36,35,NA,NA,NA,NA,NA,NA
92,"92_0",2024-12-12 10:57:59.995,"Box",2,"Kōura","Paranephrops planifrons","Freshwater_crayfish","Kōura","Native","Yes",1,"F",36,34,NA,NA,NA,NA,NA,"Callipers wet"
96,"96_0",2024-12-12 11:45:00,"Fyke",2,"Kōura","Paranephrops planifrons","Freshwater_crayfish","Kōura","Native","Yes",1,"M",36,34,NA,NA,NA,NA,NA,NA
96,"96_0",2024-12-12 11:45:00,"Fyke",2,"Kōura","Paranephrops planifrons","Freshwater_crayfish","Kōura","Native","Yes",1,"F",36,33,NA,NA,NA,NA,NA,NA
115,"115_0",2024-11-01 14:10:00,"Fyke",2,"Kōura","Paranephrops planifrons","Freshwater_crayfish","Kōura","Native","Yes",1,"M",36,30,NA,NA,NA,NA,NA,NA
113,"113_0",2025-01-23 09:17:59.995,"Box",2,"Kōura","Paranephrops planifrons","Freshwater_crayfish","Kōura","Native","Yes",1,"F",35.93,33,NA,NA,NA,NA,NA,NA
92,"92_0",2024-12-12 10:57:59.995,"Box",2,"Kōura","Paranephrops planifrons","Freshwater_crayfish","Kōura","Native","Yes",1,"F",35.61,29,NA,NA,NA,NA,NA,NA
117,"117_0",2024-11-01 12:30:00,"Box",2,"Bullies","Gobiomorphus cotidianus","Common_bully","Toitoi","Native","No",3,NA,NA,NA,NA,NA,NA,NA,NA,NA
113,"113_0",2025-01-23 09:17:59.995,"Box",2,"Kōura","Paranephrops planifrons","Freshwater_crayfish","Kōura","Native","Yes",1,"M",35.52,33,NA,NA,NA,NA,NA,NA
113,"113_0",2025-01-23 09:17:59.995,"Box",2,"Kōura","Paranephrops planifrons","Freshwater_crayfish","Kōura","Native","Yes",1,"M",35.44,30,NA,NA,NA,NA,NA,NA
87,"87_0",2024-12-11 15:00:00,"Fyke",2,"Kōura","Paranephrops planifrons","Freshwater_crayfish","Kōura","Native","Yes",1,"M",35.42,31,1,NA,NA,NA,NA,"Blue"
77,"77_0",2025-01-17 12:30:00,"Fyke",2,"Kōura","Paranephrops planifrons","Freshwater_crayfish","Kōura","Native","Yes",1,"M",35.11,27,1,NA,NA,NA,NA,NA
66,"66_0",2025-02-21 12:20:00,"Box",2,"Kōura","Paranephrops planifrons","Freshwater_crayfish","Kōura","Native","Yes",1,"M",35.09,33,NA,NA,NA,NA,NA,NA
117,"117_0",2024-11-01 12:30:00,"Fyke",2,"Common_smelt","Retropinna retropinna","Common_smelt","Common_smelt","Native","No",5,NA,NA,NA,NA,NA,NA,NA,NA,NA
117,"117_0",2024-11-01 12:30:00,"Fyke",2,"Bullies","Gobiomorphus cotidianus","Common_bully","Toitoi","Native","No",20,NA,NA,NA,NA,NA,NA,NA,NA,"Estimated"
118,"118_0",2024-11-01 10:50:00,"Fyke",2,"Goldfish","Carassius auratus","Goldfish","Morihana","Nonnative","No",1,NA,230,281,NA,NA,NA,NA,NA,NA
118,"118_0",2024-11-01 10:50:00,"Fyke",2,"Kōaro","Galaxias brevipinnis","Climbing_galaxias","Kōaro","Native","Yes",1,NA,175,50,NA,NA,NA,NA,NA,NA
118,"118_0",2024-11-01 10:50:00,"Fyke",2,"Kōaro","Galaxias brevipinnis","Climbing_galaxias","Kōaro","Native","Yes",1,NA,135,28,NA,NA,NA,NA,NA,NA
118,"118_0",2024-11-01 10:50:00,"Fyke",2,"Kōaro","Galaxias brevipinnis","Climbing_galaxias","Kōaro","Native","Yes",1,NA,126,24,NA,NA,NA,NA,NA,NA
118,"118_0",2024-11-01 10:50:00,"Fyke",2,"Bullies","Gobiomorphus cotidianus","Common_bully","Toitoi","Native","No",100,NA,NA,NA,NA,NA,NA,NA,NA,"Estimated"
118,"118_0",2024-11-01 10:50:00,"Fyke",2,"Common_smelt","Retropinna retropinna","Common_smelt","Common_smelt","Native","No",7,NA,NA,NA,NA,NA,NA,NA,NA,NA
118,"118_0",2024-11-01 10:50:00,"Fyke",2,"Kōaro","Galaxias brevipinnis","Climbing_galaxias","Kōaro","Native","Yes",1,NA,120,20,NA,NA,NA,NA,NA,NA
118,"118_0",2024-11-01 10:50:00,"Fyke",2,"Kōaro","Galaxias brevipinnis","Climbing_galaxias","Kōaro","Native","Yes",1,NA,152,36,NA,NA,NA,NA,NA,NA
118,"118_0",2024-11-01 10:50:00,"Fyke",2,"Kōaro","Galaxias brevipinnis","Climbing_galaxias","Kōaro","Native","Yes",1,NA,118,19,NA,NA,NA,NA,NA,NA
118,"118_0",2024-11-01 10:50:00,"Fyke",2,"Kōaro","Galaxias brevipinnis","Climbing_galaxias","Kōaro","Native","Yes",1,NA,130,26,NA,NA,NA,NA,NA,NA
118,"118_0",2024-11-01 10:50:00,"Fyke",2,"Kōaro","Galaxias brevipinnis","Climbing_galaxias","Kōaro","Native","Yes",1,NA,90,12,NA,NA,NA,NA,NA,NA
118,"118_0",2024-11-01 10:50:00,"Fyke",2,"Kōaro","Galaxias brevipinnis","Climbing_galaxias","Kōaro","Native","Yes",1,NA,98,8,NA,NA,NA,NA,NA,NA
118,"118_0",2024-11-01 10:50:00,"Fyke",2,"Kōaro","Galaxias brevipinnis","Climbing_galaxias","Kōaro","Native","Yes",1,NA,75,7,NA,NA,NA,NA,NA,NA
118,"118_0",2024-11-01 10:50:00,"Fyke",2,"Common_smelt","Retropinna retropinna","Common_smelt","Common_smelt","Native","No",10,NA,NA,NA,NA,NA,NA,NA,NA,NA
118,"118_0",2024-11-01 10:50:00,"Fyke",2,"Bullies","Gobiomorphus cotidianus","Common_bully","Toitoi","Native","No",100,NA,NA,NA,NA,NA,NA,NA,NA,"Estimated"
118,"118_0",2024-11-01 10:50:00,"Box",2,"Bullies","Gobiomorphus cotidianus","Common_bully","Toitoi","Native","No",1,NA,NA,NA,NA,NA,NA,NA,NA,NA
115,"115_0",2024-11-01 14:10:00,"Fyke",2,"Kōura","Paranephrops planifrons","Freshwater_crayfish","Kōura","Native","Yes",1,"M",35,39,NA,NA,NA,NA,NA,NA
119,"119_0",2024-11-01 09:30:00,"Fyke",2,"Bullies","Gobiomorphus cotidianus","Common_bully","Toitoi","Native","No",85,NA,NA,NA,NA,NA,NA,NA,NA,"Estimated"
120,"120_0",2024-11-01 10:18:00,"Fyke",2,"Kōura","Paranephrops planifrons","Freshwater_crayfish","Kōura","Native","Yes",1,"M",35,36,NA,NA,NA,NA,NA,NA
115,"115_0",2024-11-01 14:10:00,"Box",2,"Kōura","Paranephrops planifrons","Freshwater_crayfish","Kōura","Native","Yes",1,"M",35,32,NA,NA,NA,NA,NA,NA
120,"120_0",2024-11-01 10:18:00,"Fyke",2,"Kōura","Paranephrops planifrons","Freshwater_crayfish","Kōura","Native","Yes",1,"M",35,32,NA,NA,NA,NA,NA,NA
96,"96_0",2024-12-12 11:45:00,"Fyke",2,"Kōura","Paranephrops planifrons","Freshwater_crayfish","Kōura","Native","Yes",1,"F",35,30,1,NA,NA,NA,NA,NA
120,"120_0",2024-11-01 10:18:00,"Fyke",2,"Kōura","Paranephrops planifrons","Freshwater_crayfish","Kōura","Native","Yes",1,"M",35,30,NA,NA,NA,NA,NA,NA
119,"119_0",2024-11-01 09:30:00,"Box",2,"Bullies","Gobiomorphus cotidianus","Common_bully","Toitoi","Native","No",30,NA,NA,NA,NA,NA,NA,NA,NA,"Estimated"
96,"96_0",2024-12-12 11:45:00,"Fyke",2,"Kōura","Paranephrops planifrons","Freshwater_crayfish","Kōura","Native","Yes",1,"F",35,29,1,NA,NA,NA,NA,NA
119,"119_0",2024-11-01 09:30:00,"Fyke",2,"Bullies","Gobiomorphus cotidianus","Common_bully","Toitoi","Native","No",1,NA,90,13,NA,NA,NA,NA,NA,NA
119,"119_0",2024-11-01 09:30:00,"Fyke",2,"Bullies","Gobiomorphus cotidianus","Common_bully","Toitoi","Native","No",50,NA,NA,NA,NA,NA,NA,NA,NA,"Estimated"
102,"102_0",2024-11-07 11:26:59.995,"Box",2,"Kōura","Paranephrops planifrons","Freshwater_crayfish","Kōura","Native","Yes",1,"M",35,26,NA,NA,NA,NA,NA,NA
115,"115_0",2024-11-01 14:10:00,"Box",2,"Kōura","Paranephrops planifrons","Freshwater_crayfish","Kōura","Native","Yes",1,"M",35,26,1,NA,NA,NA,NA,NA
105,"105_0",2024-11-07 12:59:59.995,"Fyke",2,"Kōura","Paranephrops planifrons","Freshwater_crayfish","Kōura","Native","Yes",1,"M",35,NA,NA,NA,NA,NA,NA,NA
115,"115_0",2024-11-01 14:10:00,"Box",2,"Kōura","Paranephrops planifrons","Freshwater_crayfish","Kōura","Native","Yes",1,"F",35,NA,1,NA,NA,NA,NA,NA
113,"113_0",2025-01-23 09:18:00,"Box",2,"Kōura","Paranephrops planifrons","Freshwater_crayfish","Kōura","Native","Yes",1,"F",34.65,27,NA,NA,NA,NA,NA,NA
113,"113_0",2025-01-23 09:17:59.995,"Box",2,"Kōura","Paranephrops planifrons","Freshwater_crayfish","Kōura","Native","Yes",1,"F",34.51,27,NA,NA,NA,NA,NA,NA
106,"106_0",2024-11-07 10:30:00,"Box",2,"Kōura","Paranephrops planifrons","Freshwater_crayfish","Kōura","Native","Yes",1,"F",34.25,33,NA,NA,1,NA,NA,NA
73,"73_0",2025-01-17 11:30:00,"Fyke",2,"Kōura","Paranephrops planifrons","Freshwater_crayfish","Kōura","Native","Yes",1,"F",34.01,28,NA,NA,NA,NA,NA,NA
98,"98_0",2024-11-07 13:30:00,"Box",2,"Kōura","Paranephrops planifrons","Freshwater_crayfish","Kōura","Native","Yes",1,"M",34.01,NA,NA,NA,NA,NA,NA,NA
114,"114_0",2024-11-01 11:29:59.995,"Box",2,"Kōura","Paranephrops planifrons","Freshwater_crayfish","Kōura","Native","Yes",1,"M",34,31,NA,NA,NA,NA,NA,NA
96,"96_0",2024-12-12 11:45:00,"Fyke",2,"Kōura","Paranephrops planifrons","Freshwater_crayfish","Kōura","Native","Yes",1,"F",34,27,NA,NA,NA,NA,NA,NA
120,"120_0",2024-11-01 10:18:00,"Fyke",2,"Trout","Oncorhynchus mykiss","Rainbow_trout","Rainbow_trout","Nonnative","No",1,NA,110,15,NA,NA,NA,NA,NA,NA
113,"113_0",2025-01-23 09:17:59.995,"Box",2,"Kōura","Paranephrops planifrons","Freshwater_crayfish","Kōura","Native","Yes",1,"F",34,27,NA,NA,NA,NA,NA,NA
96,"96_0",2024-12-12 11:45:00,"Fyke",2,"Kōura","Paranephrops planifrons","Freshwater_crayfish","Kōura","Native","Yes",1,"F",34,26,NA,NA,NA,NA,NA,NA
120,"120_0",2024-11-01 10:18:00,"Fyke",2,"Kōaro","Galaxias brevipinnis","Climbing_galaxias","Kōaro","Native","Yes",1,NA,130,23,NA,NA,NA,NA,NA,NA
120,"120_0",2024-11-01 10:18:00,"Fyke",2,"Kōaro","Galaxias brevipinnis","Climbing_galaxias","Kōaro","Native","Yes",1,NA,120,15,NA,NA,NA,NA,NA,NA
120,"120_0",2024-11-01 10:18:00,"Fyke",2,"Kōaro","Galaxias brevipinnis","Climbing_galaxias","Kōaro","Native","Yes",1,NA,111,14,NA,NA,NA,NA,NA,NA
120,"120_0",2024-11-01 10:18:00,"Fyke",2,"Kōaro","Galaxias brevipinnis","Climbing_galaxias","Kōaro","Native","Yes",1,NA,110,13,NA,NA,NA,NA,NA,NA
120,"120_0",2024-11-01 10:18:00,"Fyke",2,"Bullies","Gobiomorphus cotidianus","Common_bully","Toitoi","Native","No",120,NA,NA,NA,NA,NA,NA,NA,NA,"Estimated"
96,"96_0",2024-12-12 11:45:00,"Fyke",2,"Kōura","Paranephrops planifrons","Freshwater_crayfish","Kōura","Native","Yes",1,"M",34,26,1,NA,NA,NA,NA,NA
97,"97_0",2024-11-07 12:35:00,"Box",2,"Kōura","Paranephrops planifrons","Freshwater_crayfish","Kōura","Native","Yes",1,"F",34,NA,NA,NA,NA,NA,NA,NA
105,"105_0",2024-11-07 12:59:59.995,"Fyke",2,"Kōura","Paranephrops planifrons","Freshwater_crayfish","Kōura","Native","Yes",1,"M",34,NA,NA,NA,NA,NA,NA,NA
98,"98_0",2024-11-07 13:30:00,"Box",2,"Kōura","Paranephrops planifrons","Freshwater_crayfish","Kōura","Native","Yes",1,"M",33.88,NA,NA,NA,NA,NA,NA,NA
113,"113_0",2025-01-23 09:17:59.995,"Box",2,"Kōura","Paranephrops planifrons","Freshwater_crayfish","Kōura","Native","Yes",1,"F",33.74,26,NA,NA,NA,NA,NA,NA
66,"66_0",2025-02-21 12:20:00,"Fyke",2,"Kōura","Paranephrops planifrons","Freshwater_crayfish","Kōura","Native","Yes",1,"F",33.64,26,NA,NA,NA,NA,NA,NA
120,"120_0",2024-11-01 10:18:00,"Fyke",2,"Kōaro","Galaxias brevipinnis","Climbing_galaxias","Kōaro","Native","Yes",1,NA,100,9,NA,NA,NA,NA,NA,NA
120,"120_0",2024-11-01 10:18:00,"Fyke",2,"Kōaro","Galaxias brevipinnis","Climbing_galaxias","Kōaro","Native","Yes",1,NA,80,5,NA,NA,NA,NA,NA,NA
120,"120_0",2024-11-01 10:18:00,"Fyke",2,"Common_smelt","Retropinna retropinna","Common_smelt","Common_smelt","Native","No",1,NA,55,NA,NA,NA,NA,NA,NA,NA
120,"120_0",2024-11-01 10:18:00,"Fyke",2,"Common_smelt","Retropinna retropinna","Common_smelt","Common_smelt","Native","No",1,NA,55,NA,NA,NA,NA,NA,NA,NA
120,"120_0",2024-11-01 10:18:00,"Fyke",2,"Bullies","Gobiomorphus cotidianus","Common_bully","Toitoi","Native","No",50,NA,NA,NA,NA,NA,NA,NA,NA,"Estimated"
107,"107_0",2024-11-08 09:20:00,"Box",2,"Kōura","Paranephrops planifrons","Freshwater_crayfish","Kōura","Native","Yes",1,"M",33.64,NA,NA,NA,NA,NA,NA,NA
113,"113_0",2025-01-23 09:17:59.995,"Box",2,"Kōura","Paranephrops planifrons","Freshwater_crayfish","Kōura","Native","Yes",1,"F",33.29,25,NA,NA,NA,NA,NA,NA
73,"73_0",2025-01-17 11:29:59.995,"Fyke",2,"Kōura","Paranephrops planifrons","Freshwater_crayfish","Kōura","Native","Yes",1,"F",33.16,25,NA,NA,NA,NA,NA,NA
96,"96_0",2024-12-12 11:45:00,"Fyke",2,"Kōura","Paranephrops planifrons","Freshwater_crayfish","Kōura","Native","Yes",1,"F",33,28,NA,NA,NA,NA,NA,NA
115,"115_0",2024-11-01 14:10:00,"Box",2,"Kōura","Paranephrops planifrons","Freshwater_crayfish","Kōura","Native","Yes",1,"M",33,28,NA,NA,NA,NA,NA,NA
120,"120_0",2024-11-01 10:18:00,"Fyke",2,"Kōura","Paranephrops planifrons","Freshwater_crayfish","Kōura","Native","Yes",1,"M",33,28,NA,NA,NA,NA,NA,NA
97,"97_0",2024-11-07 12:34:59.995,"Box",2,"Bullies","Gobiomorphus cotidianus","Common_bully","Toitoi","Native","No",1,NA,43,NA,NA,NA,NA,NA,NA,NA
97,"97_0",2024-11-07 12:34:59.995,"Fyke",2,"Bullies","Gobiomorphus cotidianus","Common_bully","Toitoi","Native","No",NA,NA,NA,NA,NA,NA,NA,1.3,307.5644,NA
96,"96_0",2024-12-12 11:45:00,"Fyke",2,"Kōura","Paranephrops planifrons","Freshwater_crayfish","Kōura","Native","Yes",1,"F",33,26,1,NA,NA,NA,NA,NA
76,"76_0",2025-01-16 08:22:00,"Box",2,"Kōura","Paranephrops planifrons","Freshwater_crayfish","Kōura","Native","Yes",1,"F",32.8,28,NA,NA,NA,NA,NA,NA
96,"96_0",2024-12-12 11:45:00,"Box",1,"Kōura","Paranephrops planifrons","Freshwater_crayfish","Kōura","Native","Yes",1,"F",32.42,22,NA,NA,NA,NA,NA,NA
113,"113_0",2025-01-23 09:17:59.995,"Box",2,"Kōura","Paranephrops planifrons","Freshwater_crayfish","Kōura","Native","Yes",1,"F",32.39,27,NA,NA,NA,NA,NA,NA
76,"76_0",2025-01-16 08:22:00,"Box",2,"Kōura","Paranephrops planifrons","Freshwater_crayfish","Kōura","Native","Yes",1,"F",32.38,26,NA,NA,NA,NA,NA,NA
97,"97_0",2024-11-07 12:34:59.99,"Fyke",2,"Goldfish","Carassius auratus","Goldfish","Morihana","Nonnative","No",1,NA,161,NA,NA,NA,NA,NA,NA,NA
97,"97_0",2024-11-07 12:34:59.99,"Fyke",2,"Bullies","Gobiomorphus cotidianus","Common_bully","Toitoi","Native","No",NA,NA,NA,NA,NA,NA,NA,2,473.176,NA
73,"73_0",2025-01-17 11:29:59.995,"Fyke",2,"Kōura","Paranephrops planifrons","Freshwater_crayfish","Kōura","Native","Yes",1,"F",32.22,23,NA,NA,NA,NA,NA,NA
77,"77_0",2025-01-17 12:30:00,"Fyke",2,"Kōura","Paranephrops planifrons","Freshwater_crayfish","Kōura","Native","Yes",1,"F",32.08,14,NA,NA,NA,NA,NA,NA
120,"120_0",2024-11-01 10:18:00,"Fyke",2,"Kōura","Paranephrops planifrons","Freshwater_crayfish","Kōura","Native","Yes",1,"M",32,27,NA,NA,NA,NA,NA,NA
102,"102_0",2024-11-07 11:27:00,"Box",2,"Kōura","Paranephrops planifrons","Freshwater_crayfish","Kōura","Native","Yes",1,"M",32,25,NA,NA,NA,NA,NA,NA
120,"120_0",2024-11-01 10:18:00,"Fyke",2,"Kōura","Paranephrops planifrons","Freshwater_crayfish","Kōura","Native","Yes",1,"M",32,25,NA,NA,NA,NA,NA,NA
95,"95_0",2024-12-12 12:30:00,"Box",2,"Kōura","Paranephrops planifrons","Freshwater_crayfish","Kōura","Native","Yes",1,"M",32,20,1,NA,NA,NA,NA,NA
119,"119_0",2024-11-01 09:30:00,"Fyke",2,"Kōura","Paranephrops planifrons","Freshwater_crayfish","Kōura","Native","Yes",1,"M",32,20,NA,NA,NA,NA,NA,NA
77,"77_0",2025-01-17 12:30:00,"Box",2,"Kōura","Paranephrops planifrons","Freshwater_crayfish","Kōura","Native","Yes",1,"M",31.8,22,NA,NA,NA,NA,NA,NA
106,"106_0",2024-11-07 10:30:00,"Box",2,"Kōura","Paranephrops planifrons","Freshwater_crayfish","Kōura","Native","Yes",1,"F",31.75,30,NA,NA,1,NA,NA,NA
113,"113_0",2025-01-23 09:17:59.995,"Fyke",2,"Kōura","Paranephrops planifrons","Freshwater_crayfish","Kōura","Native","Yes",1,"F",31.71,21,NA,NA,NA,NA,NA,NA
73,"73_0",2025-01-17 11:29:59.995,"Fyke",2,"Kōura","Paranephrops planifrons","Freshwater_crayfish","Kōura","Native","Yes",1,"M",31.65,24,NA,NA,NA,NA,NA,NA
113,"113_0",2025-01-23 09:17:59.995,"Box",2,"Kōura","Paranephrops planifrons","Freshwater_crayfish","Kōura","Native","Yes",1,"F",31.44,23,NA,NA,NA,NA,NA,NA
85,"85_0",2024-12-11 09:49:59.995,"Fyke",2,"Kōura","Paranephrops planifrons","Freshwater_crayfish","Kōura","Native","Yes",1,"F",31.35,28,1,NA,NA,NA,NA,NA
120,"120_0",2024-11-01 10:18:00,"Fyke",2,"Kōura","Paranephrops planifrons","Freshwater_crayfish","Kōura","Native","Yes",1,"M",31,28,NA,NA,NA,NA,NA,NA
96,"96_0",2024-12-12 11:45:00,"Fyke",2,"Kōura","Paranephrops planifrons","Freshwater_crayfish","Kōura","Native","Yes",1,"F",31,22,1,NA,NA,NA,NA,NA
97,"97_0",2024-11-07 12:34:59.995,"Box",2,"Kōura","Paranephrops planifrons","Freshwater_crayfish","Kōura","Native","Yes",1,"M",31,NA,NA,NA,NA,NA,NA,NA
105,"105_0",2024-11-07 13:00:00,"Box",2,"Kōura","Paranephrops planifrons","Freshwater_crayfish","Kōura","Native","Yes",1,"M",31,NA,NA,NA,NA,NA,NA,NA
73,"73_0",2025-01-17 11:29:59.995,"Fyke",2,"Kōura","Paranephrops planifrons","Freshwater_crayfish","Kōura","Native","Yes",1,"M",30.65,23,NA,NA,NA,NA,NA,NA
113,"113_0",2025-01-23 09:17:59.995,"Box",2,"Kōura","Paranephrops planifrons","Freshwater_crayfish","Kōura","Native","Yes",1,"F",30.44,20,NA,NA,NA,NA,NA,NA
77,"77_0",2025-01-17 12:30:00,"Box",2,"Kōura","Paranephrops planifrons","Freshwater_crayfish","Kōura","Native","Yes",1,"F",30.2,17,1,NA,NA,NA,NA,NA
77,"77_0",2025-01-17 12:30:00,"Fyke",2,"Kōura","Paranephrops planifrons","Freshwater_crayfish","Kōura","Native","Yes",1,"M",30.19,21,NA,NA,NA,NA,NA,NA
113,"113_0",2025-01-23 09:17:59.995,"Fyke",2,"Kōura","Paranephrops planifrons","Freshwater_crayfish","Kōura","Native","Yes",1,"F",30.16,18,NA,NA,NA,NA,NA,NA
98,"98_0",2024-11-07 13:30:00,"Box",2,"Bullies","Gobiomorphus cotidianus","Common_bully","Toitoi","Native","No",27,NA,NA,NA,NA,NA,NA,NA,NA,NA
98,"98_0",2024-11-07 13:30:00,"Box",2,"Kōura","Paranephrops planifrons","Freshwater_crayfish","Kōura","Native","Yes",1,"M",30.16,NA,NA,NA,NA,NA,NA,NA
115,"115_0",2024-11-01 14:10:00,"Fyke",2,"Kōura","Paranephrops planifrons","Freshwater_crayfish","Kōura","Native","Yes",1,"M",30,24,1,NA,NA,NA,NA,NA
119,"119_0",2024-11-01 09:30:00,"Box",2,"Kōura","Paranephrops planifrons","Freshwater_crayfish","Kōura","Native","Yes",1,"M",30,24,NA,NA,NA,NA,NA,NA
97,"97_0",2024-11-07 12:34:59.995,"Fyke",2,"Kōura","Paranephrops planifrons","Freshwater_crayfish","Kōura","Native","Yes",1,"F",30,NA,1,NA,NA,NA,NA,NA
73,"73_0",2025-01-17 11:29:59.995,"Fyke",2,"Kōura","Paranephrops planifrons","Freshwater_crayfish","Kōura","Native","Yes",1,"M",29.93,17,NA,NA,NA,NA,NA,NA
113,"113_0",2025-01-23 09:17:59.995,"Box",2,"Kōura","Paranephrops planifrons","Freshwater_crayfish","Kōura","Native","Yes",1,"F",29.79,21,NA,NA,NA,NA,NA,NA
66,"66_0",2025-02-21 12:20:00,"Box",2,"Kōura","Paranephrops planifrons","Freshwater_crayfish","Kōura","Native","Yes",1,"M",29.66,21,1,NA,NA,NA,NA,NA
73,"73_0",2025-01-17 11:29:59.995,"Fyke",2,"Kōura","Paranephrops planifrons","Freshwater_crayfish","Kōura","Native","Yes",1,"M",29.57,22,NA,NA,NA,NA,NA,NA
66,"66_0",2025-02-21 12:20:00,"Box",2,"Kōura","Paranephrops planifrons","Freshwater_crayfish","Kōura","Native","Yes",1,"M",29.57,19,NA,NA,NA,NA,NA,NA
113,"113_0",2025-01-23 09:17:59.995,"Box",2,"Kōura","Paranephrops planifrons","Freshwater_crayfish","Kōura","Native","Yes",1,"F",29.3,19,NA,NA,NA,NA,NA,NA
97,"97_0",2024-11-07 12:35:00,"Box",2,"Kōura","Paranephrops planifrons","Freshwater_crayfish","Kōura","Native","Yes",1,"F",29,NA,NA,NA,NA,NA,NA,NA
98,"98_0",2024-11-07 13:30:00,"Box",2,"Kōura","Paranephrops planifrons","Freshwater_crayfish","Kōura","Native","Yes",1,"F",28.83,NA,NA,NA,1,NA,NA,NA
113,"113_0",2025-01-23 09:17:59.995,"Fyke",2,"Kōura","Paranephrops planifrons","Freshwater_crayfish","Kōura","Native","Yes",1,"F",28.61,18,NA,NA,NA,NA,NA,NA
113,"113_0",2025-01-23 09:17:59.995,"Fyke",2,"Kōura","Paranephrops planifrons","Freshwater_crayfish","Kōura","Native","Yes",1,"F",28.59,17,NA,NA,NA,NA,NA,NA
73,"73_0",2025-01-17 11:29:59.995,"Fyke",2,"Kōura","Paranephrops planifrons","Freshwater_crayfish","Kōura","Native","Yes",1,"F",28.24,17,NA,NA,NA,NA,NA,NA
98,"98_0",2024-11-07 13:30:00,"Fyke",2,"Kōura","Paranephrops planifrons","Freshwater_crayfish","Kōura","Native","Yes",1,"M",28.17,NA,NA,NA,NA,NA,NA,NA
113,"113_0",2025-01-23 09:17:59.995,"Box",2,"Kōura","Paranephrops planifrons","Freshwater_crayfish","Kōura","Native","Yes",1,"M",28.06,19,NA,NA,NA,NA,NA,NA
77,"77_0",2025-01-17 12:30:00,"Fyke",2,"Kōura","Paranephrops planifrons","Freshwater_crayfish","Kōura","Native","Yes",1,"F",28.06,12,NA,NA,NA,NA,NA,NA
113,"113_0",2025-01-23 09:17:59.995,"Box",2,"Kōura","Paranephrops planifrons","Freshwater_crayfish","Kōura","Native","Yes",1,"F",28.03,16,NA,NA,NA,NA,NA,NA
110,"110_0",2024-11-01 11:49:59.995,"Fyke",2,"Kōura","Paranephrops planifrons","Freshwater_crayfish","Kōura","Native","Yes",1,"M",28,20,NA,NA,NA,NA,NA,NA
96,"96_0",2024-12-12 11:45:00,"Fyke",2,"Kōura","Paranephrops planifrons","Freshwater_crayfish","Kōura","Native","Yes",1,"F",28,17,NA,NA,NA,NA,NA,NA
98,"98_0",2024-11-07 13:30:00,"Fyke",2,"Bullies","Gobiomorphus cotidianus","Common_bully","Toitoi","Native","No",NA,NA,NA,NA,NA,NA,NA,1.6,378.5408,NA
120,"120_0",2024-11-01 10:18:00,"Fyke",2,"Kōura","Paranephrops planifrons","Freshwater_crayfish","Kōura","Native","Yes",1,"M",28,17,NA,NA,NA,NA,NA,NA
97,"97_0",2024-11-07 12:34:59.995,"Box",2,"Kōura","Paranephrops planifrons","Freshwater_crayfish","Kōura","Native","Yes",1,"M",28,NA,NA,NA,NA,NA,NA,NA
98,"98_0",2024-11-07 13:30:00,"Fyke",2,"Eel","Anguilla dieffenbachii","Long_fin_eel","Tuna","Native","Yes",1,NA,850,NA,NA,NA,NA,NA,NA,NA
98,"98_0",2024-11-07 13:30:00,"Fyke",2,"Bullies","Gobiomorphus cotidianus","Common_bully","Toitoi","Native","No",NA,NA,NA,NA,NA,NA,NA,0.33,78.07404,NA
99,"99_0",2024-11-07 09:30:00,"Box",2,"Bullies","Gobiomorphus cotidianus","Common_bully","Toitoi","Native","No",1,NA,72,1.19047619047619,NA,NA,NA,NA,NA,NA
99,"99_0",2024-11-07 09:30:00,"Box",2,"Bullies","Gobiomorphus cotidianus","Common_bully","Toitoi","Native","No",1,NA,57,1.19047619047619,NA,NA,NA,NA,NA,NA
99,"99_0",2024-11-07 09:30:00,"Box",2,"Bullies","Gobiomorphus cotidianus","Common_bully","Toitoi","Native","No",1,NA,79,1.19047619047619,NA,NA,NA,NA,NA,NA
99,"99_0",2024-11-07 09:30:00,"Box",2,"Bullies","Gobiomorphus cotidianus","Common_bully","Toitoi","Native","No",1,NA,65,1.19047619047619,NA,NA,NA,NA,NA,NA
99,"99_0",2024-11-07 09:30:00,"Box",2,"Bullies","Gobiomorphus cotidianus","Common_bully","Toitoi","Native","No",1,NA,62,1.19047619047619,NA,NA,NA,NA,NA,NA
99,"99_0",2024-11-07 09:30:00,"Box",2,"Bullies","Gobiomorphus cotidianus","Common_bully","Toitoi","Native","No",1,NA,75,1.19047619047619,NA,NA,NA,NA,NA,NA
99,"99_0",2024-11-07 09:30:00,"Box",2,"Bullies","Gobiomorphus cotidianus","Common_bully","Toitoi","Native","No",1,NA,36,1.19047619047619,NA,NA,NA,NA,NA,NA
99,"99_0",2024-11-07 09:30:00,"Box",2,"Bullies","Gobiomorphus cotidianus","Common_bully","Toitoi","Native","No",1,NA,55,1.19047619047619,NA,NA,NA,NA,NA,NA
99,"99_0",2024-11-07 09:30:00,"Box",2,"Bullies","Gobiomorphus cotidianus","Common_bully","Toitoi","Native","No",1,NA,42,1.19047619047619,NA,NA,NA,NA,NA,NA
99,"99_0",2024-11-07 09:30:00,"Box",2,"Bullies","Gobiomorphus cotidianus","Common_bully","Toitoi","Native","No",1,NA,55,1.19047619047619,NA,NA,NA,NA,NA,NA
99,"99_0",2024-11-07 09:30:00,"Box",2,"Bullies","Gobiomorphus cotidianus","Common_bully","Toitoi","Native","No",1,NA,60,1.19047619047619,NA,NA,NA,NA,NA,NA
99,"99_0",2024-11-07 09:30:00,"Box",2,"Bullies","Gobiomorphus cotidianus","Common_bully","Toitoi","Native","No",1,NA,60,1.19047619047619,NA,NA,NA,NA,NA,NA
99,"99_0",2024-11-07 09:30:00,"Box",2,"Bullies","Gobiomorphus cotidianus","Common_bully","Toitoi","Native","No",1,NA,65,1.19047619047619,NA,NA,NA,NA,NA,NA
99,"99_0",2024-11-07 09:30:00,"Box",2,"Bullies","Gobiomorphus cotidianus","Common_bully","Toitoi","Native","No",1,NA,56,1.19047619047619,NA,NA,NA,NA,NA,NA
99,"99_0",2024-11-07 09:30:00,"Box",2,"Bullies","Gobiomorphus cotidianus","Common_bully","Toitoi","Native","No",1,NA,48,1.19047619047619,NA,NA,NA,NA,NA,NA
99,"99_0",2024-11-07 09:30:00,"Box",2,"Bullies","Gobiomorphus cotidianus","Common_bully","Toitoi","Native","No",1,NA,35,1.19047619047619,NA,NA,NA,NA,NA,NA
99,"99_0",2024-11-07 09:30:00,"Box",2,"Bullies","Gobiomorphus cotidianus","Common_bully","Toitoi","Native","No",1,NA,57,1.19047619047619,NA,NA,NA,NA,NA,NA
99,"99_0",2024-11-07 09:30:00,"Box",2,"Bullies","Gobiomorphus cotidianus","Common_bully","Toitoi","Native","No",1,NA,35,1.19047619047619,NA,NA,NA,NA,NA,NA
99,"99_0",2024-11-07 09:30:00,"Box",2,"Bullies","Gobiomorphus cotidianus","Common_bully","Toitoi","Native","No",1,NA,58,1.19047619047619,NA,NA,NA,NA,NA,NA
99,"99_0",2024-11-07 09:30:00,"Box",2,"Bullies","Gobiomorphus cotidianus","Common_bully","Toitoi","Native","No",1,NA,65,1.19047619047619,NA,NA,NA,NA,NA,NA
99,"99_0",2024-11-07 09:30:00,"Box",2,"Bullies","Gobiomorphus cotidianus","Common_bully","Toitoi","Native","No",1,NA,65,1.19047619047619,NA,NA,NA,NA,NA,NA
99,"99_0",2024-11-07 09:30:00,"Box",2,"Bullies","Gobiomorphus cotidianus","Common_bully","Toitoi","Native","No",1,NA,51,1.19047619047619,NA,NA,NA,NA,NA,NA
99,"99_0",2024-11-07 09:30:00,"Box",2,"Bullies","Gobiomorphus cotidianus","Common_bully","Toitoi","Native","No",1,NA,66,1.19047619047619,NA,NA,NA,NA,NA,NA
99,"99_0",2024-11-07 09:30:00,"Box",2,"Bullies","Gobiomorphus cotidianus","Common_bully","Toitoi","Native","No",1,NA,45,1.19047619047619,NA,NA,NA,NA,NA,NA
99,"99_0",2024-11-07 09:30:00,"Box",2,"Bullies","Gobiomorphus cotidianus","Common_bully","Toitoi","Native","No",1,NA,61,1.19047619047619,NA,NA,NA,NA,NA,NA
99,"99_0",2024-11-07 09:30:00,"Box",2,"Bullies","Gobiomorphus cotidianus","Common_bully","Toitoi","Native","No",1,NA,60,1.19047619047619,NA,NA,NA,NA,NA,NA
99,"99_0",2024-11-07 09:30:00,"Box",2,"Bullies","Gobiomorphus cotidianus","Common_bully","Toitoi","Native","No",1,NA,44,1.19047619047619,NA,NA,NA,NA,NA,NA
99,"99_0",2024-11-07 09:30:00,"Box",2,"Bullies","Gobiomorphus cotidianus","Common_bully","Toitoi","Native","No",1,NA,34,1.19047619047619,NA,NA,NA,NA,NA,NA
99,"99_0",2024-11-07 09:30:00,"Box",2,"Bullies","Gobiomorphus cotidianus","Common_bully","Toitoi","Native","No",1,NA,50,1.19047619047619,NA,NA,NA,NA,NA,NA
99,"99_0",2024-11-07 09:30:00,"Box",2,"Bullies","Gobiomorphus cotidianus","Common_bully","Toitoi","Native","No",1,NA,55,1.19047619047619,NA,NA,NA,NA,NA,NA
99,"99_0",2024-11-07 09:30:00,"Box",2,"Bullies","Gobiomorphus cotidianus","Common_bully","Toitoi","Native","No",1,NA,44,1.19047619047619,NA,NA,NA,NA,NA,NA
99,"99_0",2024-11-07 09:30:00,"Box",2,"Bullies","Gobiomorphus cotidianus","Common_bully","Toitoi","Native","No",1,NA,56,1.19047619047619,NA,NA,NA,NA,NA,NA
99,"99_0",2024-11-07 09:30:00,"Box",2,"Bullies","Gobiomorphus cotidianus","Common_bully","Toitoi","Native","No",1,NA,46,1.19047619047619,NA,NA,NA,NA,NA,NA
99,"99_0",2024-11-07 09:30:00,"Box",2,"Bullies","Gobiomorphus cotidianus","Common_bully","Toitoi","Native","No",1,NA,39,1.19047619047619,NA,NA,NA,NA,NA,NA
99,"99_0",2024-11-07 09:30:00,"Box",2,"Bullies","Gobiomorphus cotidianus","Common_bully","Toitoi","Native","No",1,NA,42,1.19047619047619,NA,NA,NA,NA,NA,NA
99,"99_0",2024-11-07 09:30:00,"Box",2,"Bullies","Gobiomorphus cotidianus","Common_bully","Toitoi","Native","No",1,NA,33,1.19047619047619,NA,NA,NA,NA,NA,NA
99,"99_0",2024-11-07 09:30:00,"Box",2,"Bullies","Gobiomorphus cotidianus","Common_bully","Toitoi","Native","No",1,NA,30,1.19047619047619,NA,NA,NA,NA,NA,NA
99,"99_0",2024-11-07 09:30:00,"Box",2,"Bullies","Gobiomorphus cotidianus","Common_bully","Toitoi","Native","No",1,NA,28,1.19047619047619,NA,NA,NA,NA,NA,NA
99,"99_0",2024-11-07 09:30:00,"Box",2,"Bullies","Gobiomorphus cotidianus","Common_bully","Toitoi","Native","No",1,NA,40,1.19047619047619,NA,NA,NA,NA,NA,NA
99,"99_0",2024-11-07 09:30:00,"Box",2,"Bullies","Gobiomorphus cotidianus","Common_bully","Toitoi","Native","No",1,NA,28,1.19047619047619,NA,NA,NA,NA,NA,NA
99,"99_0",2024-11-07 09:30:00,"Box",2,"Bullies","Gobiomorphus cotidianus","Common_bully","Toitoi","Native","No",1,NA,26,1.19047619047619,NA,NA,NA,NA,NA,NA
99,"99_0",2024-11-07 09:30:00,"Box",2,"Bullies","Gobiomorphus cotidianus","Common_bully","Toitoi","Native","No",1,NA,39,1.19047619047619,NA,NA,NA,NA,NA,NA
97,"97_0",2024-11-07 12:34:59.995,"Fyke",2,"Kōura","Paranephrops planifrons","Freshwater_crayfish","Kōura","Native","Yes",1,"M",28,NA,NA,NA,NA,NA,NA,NA
106,"106_0",2024-11-07 10:30:00,"Fyke",2,"Kōura","Paranephrops planifrons","Freshwater_crayfish","Kōura","Native","Yes",1,"F",28,NA,NA,NA,NA,NA,NA,NA
99,"99_0",2024-11-07 09:30:00,"Fyke",2,"Bullies","Gobiomorphus cotidianus","Common_bully","Toitoi","Native","No",1,NA,46,2.17,NA,NA,NA,NA,NA,"All in one cup and counted"
99,"99_0",2024-11-07 09:30:00,"Fyke",2,"Bullies","Gobiomorphus cotidianus","Common_bully","Toitoi","Native","No",1,NA,84,2.17,NA,NA,NA,NA,NA,"All in one cup and counted"
99,"99_0",2024-11-07 09:30:00,"Fyke",2,"Bullies","Gobiomorphus cotidianus","Common_bully","Toitoi","Native","No",1,NA,72,2.17,NA,NA,NA,NA,NA,"All in one cup and counted"
99,"99_0",2024-11-07 09:30:00,"Fyke",2,"Bullies","Gobiomorphus cotidianus","Common_bully","Toitoi","Native","No",1,NA,44,2.17,NA,NA,NA,NA,NA,"All in one cup and counted"
99,"99_0",2024-11-07 09:30:00,"Fyke",2,"Bullies","Gobiomorphus cotidianus","Common_bully","Toitoi","Native","No",1,NA,50,2.17,NA,NA,NA,NA,NA,"All in one cup and counted"
99,"99_0",2024-11-07 09:30:00,"Fyke",2,"Bullies","Gobiomorphus cotidianus","Common_bully","Toitoi","Native","No",1,NA,56,2.17,NA,NA,NA,NA,NA,"All in one cup and counted"
99,"99_0",2024-11-07 09:30:00,"Fyke",2,"Bullies","Gobiomorphus cotidianus","Common_bully","Toitoi","Native","No",1,NA,39,2.17,NA,NA,NA,NA,NA,"All in one cup and counted"
99,"99_0",2024-11-07 09:30:00,"Fyke",2,"Bullies","Gobiomorphus cotidianus","Common_bully","Toitoi","Native","No",1,NA,53,2.17,NA,NA,NA,NA,NA,"All in one cup and counted"
99,"99_0",2024-11-07 09:30:00,"Fyke",2,"Bullies","Gobiomorphus cotidianus","Common_bully","Toitoi","Native","No",1,NA,63,2.17,NA,NA,NA,NA,NA,"All in one cup and counted"
99,"99_0",2024-11-07 09:30:00,"Fyke",2,"Bullies","Gobiomorphus cotidianus","Common_bully","Toitoi","Native","No",1,NA,56,2.17,NA,NA,NA,NA,NA,"All in one cup and counted"
99,"99_0",2024-11-07 09:30:00,"Fyke",2,"Bullies","Gobiomorphus cotidianus","Common_bully","Toitoi","Native","No",90,NA,NA,195.3,NA,NA,NA,1,236.588,"All in one cup and counted"
99,"99_0",2024-11-07 09:30:00,"Fyke",2,"Bullies","Gobiomorphus cotidianus","Common_bully","Toitoi","Native","No",NA,NA,NA,213,NA,NA,NA,1,236.588,NA
99,"99_0",2024-11-07 09:30:00,"Fyke",2,"Bullies","Gobiomorphus cotidianus","Common_bully","Toitoi","Native","No",NA,NA,NA,193,NA,NA,NA,1,236.588,NA
99,"99_0",2024-11-07 09:30:00,"Fyke",2,"Common_smelt","Retropinna retropinna","Common_smelt","Common_smelt","Native","No",NA,NA,NA,92,NA,NA,NA,0.5,118.294,NA
99,"99_0",2024-11-07 09:30:00,"Fyke",2,"Bullies","Gobiomorphus cotidianus","Common_bully","Toitoi","Native","No",NA,NA,NA,440,NA,NA,NA,2,473.176,NA
99,"99_0",2024-11-07 09:30:00,"Fyke",2,"Bullies","Gobiomorphus cotidianus","Common_bully","Toitoi","Native","No",NA,NA,NA,395,NA,NA,NA,2,473.176,NA
99,"99_0",2024-11-07 09:30:00,"Fyke",2,"Bullies","Gobiomorphus cotidianus","Common_bully","Toitoi","Native","No",NA,NA,NA,404,NA,NA,NA,2,473.176,NA
99,"99_0",2024-11-07 09:30:00,"Fyke",2,"Bullies","Gobiomorphus cotidianus","Common_bully","Toitoi","Native","No",NA,NA,NA,419,NA,NA,NA,2,473.176,NA
99,"99_0",2024-11-07 09:30:00,"Fyke",2,"Bullies","Gobiomorphus cotidianus","Common_bully","Toitoi","Native","No",NA,NA,NA,436,NA,NA,NA,2,473.176,NA
99,"99_0",2024-11-07 09:30:00,"Fyke",2,"Bullies","Gobiomorphus cotidianus","Common_bully","Toitoi","Native","No",NA,NA,NA,444,NA,NA,NA,2,473.176,NA
99,"99_0",2024-11-07 09:30:00,"Fyke",2,"Bullies","Gobiomorphus cotidianus","Common_bully","Toitoi","Native","No",NA,NA,NA,435,NA,NA,NA,2,473.176,NA
99,"99_0",2024-11-07 09:30:00,"Fyke",2,"Bullies","Gobiomorphus cotidianus","Common_bully","Toitoi","Native","No",NA,NA,NA,432,NA,NA,NA,2,473.176,NA
99,"99_0",2024-11-07 09:30:00,"Fyke",2,"Bullies","Gobiomorphus cotidianus","Common_bully","Toitoi","Native","No",NA,NA,NA,444,NA,NA,NA,2,473.176,NA
99,"99_0",2024-11-07 09:30:00,"Fyke",2,"Bullies","Gobiomorphus cotidianus","Common_bully","Toitoi","Native","No",NA,NA,NA,545,NA,NA,NA,2.5,591.47,NA
99,"99_0",2024-11-07 09:30:00,"Fyke",2,"Common_smelt","Retropinna retropinna","Common_smelt","Common_smelt","Native","No",100,NA,NA,NA,NA,NA,NA,NA,NA,"Estimated"
66,"66_0",2025-02-21 12:20:00,"Box",2,"Kōura","Paranephrops planifrons","Freshwater_crayfish","Kōura","Native","Yes",1,"F",27.95,14,NA,NA,NA,NA,NA,NA
100,"100_0",2024-11-08 10:30:00,"Box",2,"Bullies","Gobiomorphus cotidianus","Common_bully","Toitoi","Native","No",1,NA,53,2.7,NA,NA,NA,NA,NA,NA
100,"100_0",2024-11-08 10:30:00,"Box",2,"Bullies","Gobiomorphus cotidianus","Common_bully","Toitoi","Native","No",1,NA,45,2.7,NA,NA,NA,NA,NA,NA
100,"100_0",2024-11-08 10:30:00,"Box",2,"Bullies","Gobiomorphus cotidianus","Common_bully","Toitoi","Native","No",1,NA,57,2.7,NA,NA,NA,NA,NA,NA
100,"100_0",2024-11-08 10:30:00,"Box",2,"Bullies","Gobiomorphus cotidianus","Common_bully","Toitoi","Native","No",1,NA,40,2.7,NA,NA,NA,NA,NA,NA
100,"100_0",2024-11-08 10:30:00,"Box",2,"Bullies","Gobiomorphus cotidianus","Common_bully","Toitoi","Native","No",1,NA,53,2.7,NA,NA,NA,NA,NA,NA
100,"100_0",2024-11-08 10:30:00,"Box",2,"Bullies","Gobiomorphus cotidianus","Common_bully","Toitoi","Native","No",1,NA,26,2.7,NA,NA,NA,NA,NA,NA
100,"100_0",2024-11-08 10:30:00,"Box",2,"Bullies","Gobiomorphus cotidianus","Common_bully","Toitoi","Native","No",1,NA,56,2.7,NA,NA,NA,NA,NA,NA
100,"100_0",2024-11-08 10:30:00,"Box",2,"Bullies","Gobiomorphus cotidianus","Common_bully","Toitoi","Native","No",1,NA,46,2.7,NA,NA,NA,NA,NA,NA
100,"100_0",2024-11-08 10:30:00,"Box",2,"Bullies","Gobiomorphus cotidianus","Common_bully","Toitoi","Native","No",1,NA,43,2.7,NA,NA,NA,NA,NA,NA
100,"100_0",2024-11-08 10:30:00,"Box",2,"Bullies","Gobiomorphus cotidianus","Common_bully","Toitoi","Native","No",1,NA,50,2.7,NA,NA,NA,NA,NA,NA
100,"100_0",2024-11-08 10:30:00,"Fyke",2,"Bullies","Gobiomorphus cotidianus","Common_bully","Toitoi","Native","No",1,NA,49,2.11363636363636,NA,NA,NA,NA,NA,"All in one cup and counted"
100,"100_0",2024-11-08 10:30:00,"Fyke",2,"Bullies","Gobiomorphus cotidianus","Common_bully","Toitoi","Native","No",1,NA,67,2.11363636363636,NA,NA,NA,NA,NA,"All in one cup and counted"
100,"100_0",2024-11-08 10:30:00,"Fyke",2,"Bullies","Gobiomorphus cotidianus","Common_bully","Toitoi","Native","No",1,NA,57,2.11363636363636,NA,NA,NA,NA,NA,"All in one cup and counted"
100,"100_0",2024-11-08 10:30:00,"Fyke",2,"Bullies","Gobiomorphus cotidianus","Common_bully","Toitoi","Native","No",1,NA,70,2.11363636363636,NA,NA,NA,NA,NA,"All in one cup and counted"
100,"100_0",2024-11-08 10:30:00,"Fyke",2,"Bullies","Gobiomorphus cotidianus","Common_bully","Toitoi","Native","No",1,NA,45,2.11363636363636,NA,NA,NA,NA,NA,"All in one cup and counted"
100,"100_0",2024-11-08 10:30:00,"Fyke",2,"Bullies","Gobiomorphus cotidianus","Common_bully","Toitoi","Native","No",1,NA,65,2.11363636363636,NA,NA,NA,NA,NA,"All in one cup and counted"
100,"100_0",2024-11-08 10:30:00,"Fyke",2,"Bullies","Gobiomorphus cotidianus","Common_bully","Toitoi","Native","No",1,NA,53,2.11363636363636,NA,NA,NA,NA,NA,"All in one cup and counted"
100,"100_0",2024-11-08 10:30:00,"Fyke",2,"Bullies","Gobiomorphus cotidianus","Common_bully","Toitoi","Native","No",1,NA,55,2.11363636363636,NA,NA,NA,NA,NA,"All in one cup and counted"
100,"100_0",2024-11-08 10:30:00,"Fyke",2,"Bullies","Gobiomorphus cotidianus","Common_bully","Toitoi","Native","No",1,NA,50,2.11363636363636,NA,NA,NA,NA,NA,"All in one cup and counted"
100,"100_0",2024-11-08 10:30:00,"Fyke",2,"Bullies","Gobiomorphus cotidianus","Common_bully","Toitoi","Native","No",1,NA,56,2.11363636363636,NA,NA,NA,NA,NA,"All in one cup and counted"
100,"100_0",2024-11-08 10:30:00,"Fyke",2,"Bullies","Gobiomorphus cotidianus","Common_bully","Toitoi","Native","No",1,NA,60,2.11363636363636,NA,NA,NA,NA,NA,"All in one cup and counted"
100,"100_0",2024-11-08 10:30:00,"Fyke",2,"Bullies","Gobiomorphus cotidianus","Common_bully","Toitoi","Native","No",1,NA,46,2.11363636363636,NA,NA,NA,NA,NA,"All in one cup and counted"
100,"100_0",2024-11-08 10:30:00,"Fyke",2,"Bullies","Gobiomorphus cotidianus","Common_bully","Toitoi","Native","No",1,NA,67,2.11363636363636,NA,NA,NA,NA,NA,"All in one cup and counted"
100,"100_0",2024-11-08 10:30:00,"Fyke",2,"Bullies","Gobiomorphus cotidianus","Common_bully","Toitoi","Native","No",1,NA,50,2.11363636363636,NA,NA,NA,NA,NA,"All in one cup and counted"
100,"100_0",2024-11-08 10:30:00,"Fyke",2,"Bullies","Gobiomorphus cotidianus","Common_bully","Toitoi","Native","No",1,NA,48,2.11363636363636,NA,NA,NA,NA,NA,"All in one cup and counted"
100,"100_0",2024-11-08 10:30:00,"Fyke",2,"Bullies","Gobiomorphus cotidianus","Common_bully","Toitoi","Native","No",1,NA,48,2.11363636363636,NA,NA,NA,NA,NA,"All in one cup and counted"
100,"100_0",2024-11-08 10:30:00,"Fyke",2,"Bullies","Gobiomorphus cotidianus","Common_bully","Toitoi","Native","No",1,NA,56,2.11363636363636,NA,NA,NA,NA,NA,"All in one cup and counted"
100,"100_0",2024-11-08 10:30:00,"Fyke",2,"Bullies","Gobiomorphus cotidianus","Common_bully","Toitoi","Native","No",1,NA,46,2.11363636363636,NA,NA,NA,NA,NA,"All in one cup and counted"
100,"100_0",2024-11-08 10:30:00,"Fyke",2,"Bullies","Gobiomorphus cotidianus","Common_bully","Toitoi","Native","No",1,NA,50,2.11363636363636,NA,NA,NA,NA,NA,"All in one cup and counted"
100,"100_0",2024-11-08 10:30:00,"Fyke",2,"Bullies","Gobiomorphus cotidianus","Common_bully","Toitoi","Native","No",1,NA,50,2.11363636363636,NA,NA,NA,NA,NA,"All in one cup and counted"
100,"100_0",2024-11-08 10:30:00,"Fyke",2,"Bullies","Gobiomorphus cotidianus","Common_bully","Toitoi","Native","No",1,NA,55,2.11363636363636,NA,NA,NA,NA,NA,"All in one cup and counted"
100,"100_0",2024-11-08 10:30:00,"Fyke",2,"Bullies","Gobiomorphus cotidianus","Common_bully","Toitoi","Native","No",1,NA,65,2.11363636363636,NA,NA,NA,NA,NA,"All in one cup and counted"
100,"100_0",2024-11-08 10:30:00,"Fyke",2,"Bullies","Gobiomorphus cotidianus","Common_bully","Toitoi","Native","No",22,NA,NA,46.5,NA,NA,NA,0.5,118.294,"All in one cup and counted"
100,"100_0",2024-11-08 10:30:00,"Fyke",2,"Goldfish","Carassius auratus","Goldfish","Morihana","Nonnative","No",1,NA,160,94,NA,NA,NA,NA,NA,NA
100,"100_0",2024-11-08 10:30:00,"Fyke",2,"Bullies","Gobiomorphus cotidianus","Common_bully","Toitoi","Native","No",22,NA,NA,43,NA,NA,NA,NA,NA,NA
101,"101_0",2024-11-07 12:00:00,"Box",2,"Bullies","Gobiomorphus cotidianus","Common_bully","Toitoi","Native","No",52,NA,NA,NA,NA,NA,NA,0.5,118.294,NA
108,"108_0",2024-11-08 11:00:00,"Fyke",2,"Kōura","Paranephrops planifrons","Freshwater_crayfish","Kōura","Native","Yes",1,"F",27.85,14,1,NA,NA,NA,NA,NA
101,"101_0",2024-11-07 12:00:00,"Fyke",1,"Bullies","Gobiomorphus cotidianus","Common_bully","Toitoi","Native","No",1,NA,44,NA,NA,NA,NA,NA,NA,"Fyke open end"
101,"101_0",2024-11-07 12:00:00,"Fyke",1,"Bullies","Gobiomorphus cotidianus","Common_bully","Toitoi","Native","No",1,NA,50,NA,NA,NA,NA,NA,NA,"Fyke open end"
101,"101_0",2024-11-07 12:00:00,"Fyke",1,"Bullies","Gobiomorphus cotidianus","Common_bully","Toitoi","Native","No",1,NA,30,NA,NA,NA,NA,NA,NA,"Fyke open end"
101,"101_0",2024-11-07 12:00:00,"Fyke",1,"Bullies","Gobiomorphus cotidianus","Common_bully","Toitoi","Native","No",1,NA,30,NA,NA,NA,NA,NA,NA,"Fyke open end"
101,"101_0",2024-11-07 12:00:00,"Fyke",1,"Bullies","Gobiomorphus cotidianus","Common_bully","Toitoi","Native","No",1,NA,25,NA,NA,NA,NA,NA,NA,"Fyke open end"
101,"101_0",2024-11-07 12:00:00,"Fyke",1,"Bullies","Gobiomorphus cotidianus","Common_bully","Toitoi","Native","No",1,NA,20,NA,NA,NA,NA,NA,NA,"Fyke open end"
101,"101_0",2024-11-07 12:00:00,"Fyke",1,"Goldfish","Carassius auratus","Goldfish","Morihana","Nonnative","No",1,NA,130,NA,NA,NA,NA,NA,NA,NA
101,"101_0",2024-11-07 12:00:00,"Fyke",1,"Goldfish","Carassius auratus","Goldfish","Morihana","Nonnative","No",1,NA,58,NA,NA,NA,NA,NA,NA,NA
101,"101_0",2024-11-07 12:00:00,"Fyke",1,"Goldfish","Carassius auratus","Goldfish","Morihana","Nonnative","No",1,NA,50,NA,NA,NA,NA,NA,NA,NA
101,"101_0",2024-11-07 12:00:00,"Fyke",1,"Goldfish","Carassius auratus","Goldfish","Morihana","Nonnative","No",1,NA,42,NA,NA,NA,NA,NA,NA,NA
101,"101_0",2024-11-07 12:00:00,"Fyke",1,"Goldfish","Carassius auratus","Goldfish","Morihana","Nonnative","No",1,NA,55,NA,NA,NA,NA,NA,NA,NA
101,"101_0",2024-11-07 12:00:00,"Fyke",1,"Goldfish","Carassius auratus","Goldfish","Morihana","Nonnative","No",1,NA,65,NA,NA,NA,NA,NA,NA,NA
101,"101_0",2024-11-07 12:00:00,"Fyke",1,"Goldfish","Carassius auratus","Goldfish","Morihana","Nonnative","No",1,NA,65,NA,NA,NA,NA,NA,NA,NA
101,"101_0",2024-11-07 12:00:00,"Fyke",1,"Goldfish","Carassius auratus","Goldfish","Morihana","Nonnative","No",1,NA,46,NA,NA,NA,NA,NA,NA,NA
101,"101_0",2024-11-07 12:00:00,"Fyke",1,"Goldfish","Carassius auratus","Goldfish","Morihana","Nonnative","No",1,NA,50,NA,NA,NA,NA,NA,NA,NA
101,"101_0",2024-11-07 12:00:00,"Fyke",1,"Goldfish","Carassius auratus","Goldfish","Morihana","Nonnative","No",1,NA,56,NA,NA,NA,NA,NA,NA,NA
101,"101_0",2024-11-07 12:00:00,"Fyke",1,"Goldfish","Carassius auratus","Goldfish","Morihana","Nonnative","No",1,NA,46,NA,NA,NA,NA,NA,NA,NA
101,"101_0",2024-11-07 12:00:00,"Fyke",1,"Goldfish","Carassius auratus","Goldfish","Morihana","Nonnative","No",1,NA,50,NA,NA,NA,NA,NA,NA,NA
101,"101_0",2024-11-07 12:00:00,"Fyke",1,"Goldfish","Carassius auratus","Goldfish","Morihana","Nonnative","No",1,NA,52,NA,NA,NA,NA,NA,NA,NA
101,"101_0",2024-11-07 12:00:00,"Fyke",1,"Goldfish","Carassius auratus","Goldfish","Morihana","Nonnative","No",1,NA,42,NA,NA,NA,NA,NA,NA,NA
101,"101_0",2024-11-07 12:00:00,"Fyke",1,"Bullies","Gobiomorphus cotidianus","Common_bully","Toitoi","Native","No",NA,NA,NA,NA,NA,NA,NA,1,236.588,NA
101,"101_0",2024-11-07 12:00:00,"Fyke",1,"Bullies","Gobiomorphus cotidianus","Common_bully","Toitoi","Native","No",NA,NA,NA,NA,NA,NA,NA,2.5,591.47,NA
98,"98_0",2024-11-07 13:30:00,"Box",2,"Kōura","Paranephrops planifrons","Freshwater_crayfish","Kōura","Native","Yes",1,"M",27.65,NA,NA,NA,NA,NA,NA,NA
77,"77_0",2025-01-17 12:30:00,"Box",2,"Kōura","Paranephrops planifrons","Freshwater_crayfish","Kōura","Native","Yes",1,"F",27.33,11,NA,NA,NA,NA,NA,NA
66,"66_0",2025-02-21 12:20:00,"Fyke",2,"Kōura","Paranephrops planifrons","Freshwater_crayfish","Kōura","Native","Yes",1,"F",27.31,18,NA,NA,NA,NA,NA,NA
68,"68_0",2025-02-21 11:50:00,"Box",2,"Kōura","Paranephrops planifrons","Freshwater_crayfish","Kōura","Native","Yes",1,"M",27.27,18,1,NA,NA,NA,NA,NA
98,"98_0",2024-11-07 13:30:00,"Fyke",2,"Kōura","Paranephrops planifrons","Freshwater_crayfish","Kōura","Native","Yes",1,"M",27.12,NA,NA,NA,NA,NA,NA,NA
102,"102_0",2024-11-07 11:26:59.995,"Box",2,"Bullies","Gobiomorphus cotidianus","Common_bully","Toitoi","Native","No",27,NA,NA,31,NA,NA,NA,NA,NA,NA
68,"68_0",2025-02-21 11:49:59.995,"Fyke",2,"Kōura","Paranephrops planifrons","Freshwater_crayfish","Kōura","Native","Yes",1,"F",27.07,10,NA,NA,NA,NA,NA,NA
109,"109_0",2024-11-01 12:59:59.995,"Box",2,"Kōura","Paranephrops planifrons","Freshwater_crayfish","Kōura","Native","Yes",1,"F",27,20,NA,NA,1,NA,NA,NA
102,"102_0",2024-11-07 11:26:59.995,"Fyke",2,"Bullies","Gobiomorphus cotidianus","Common_bully","Toitoi","Native","No",NA,NA,NA,NA,NA,NA,NA,0.6,141.9528,"scale broke"
66,"66_0",2025-02-21 12:20:00,"Fyke",2,"Kōura","Paranephrops planifrons","Freshwater_crayfish","Kōura","Native","Yes",1,"F",26.8,15,NA,NA,NA,NA,NA,NA
102,"102_0",2024-11-07 11:26:59.995,"Fyke",2,"Bullies","Gobiomorphus cotidianus","Common_bully","Toitoi","Native","No",NA,NA,NA,NA,NA,NA,NA,0.6,141.9528,"scale broke"
103,"103_0",2024-11-08 11:40:00,"Box",2,"Bullies","Gobiomorphus cotidianus","Common_bully","Toitoi","Native","No",1,NA,50,2.11111111111111,NA,NA,NA,NA,NA,NA
103,"103_0",2024-11-08 11:40:00,"Box",2,"Bullies","Gobiomorphus cotidianus","Common_bully","Toitoi","Native","No",1,NA,50,2.11111111111111,NA,NA,NA,NA,NA,NA
103,"103_0",2024-11-08 11:39:59.995,"Box",2,"Bullies","Gobiomorphus cotidianus","Common_bully","Toitoi","Native","No",1,NA,64,2.11111111111111,NA,NA,NA,NA,NA,NA
103,"103_0",2024-11-08 11:39:59.995,"Box",2,"Bullies","Gobiomorphus cotidianus","Common_bully","Toitoi","Native","No",1,NA,55,2.11111111111111,NA,NA,NA,NA,NA,NA
103,"103_0",2024-11-08 11:39:59.995,"Box",2,"Bullies","Gobiomorphus cotidianus","Common_bully","Toitoi","Native","No",1,NA,62,2.11111111111111,NA,NA,NA,NA,NA,NA
103,"103_0",2024-11-08 11:39:59.995,"Box",2,"Bullies","Gobiomorphus cotidianus","Common_bully","Toitoi","Native","No",1,NA,72,2.11111111111111,NA,NA,NA,NA,NA,NA
103,"103_0",2024-11-08 11:39:59.995,"Box",2,"Bullies","Gobiomorphus cotidianus","Common_bully","Toitoi","Native","No",1,NA,57,2.11111111111111,NA,NA,NA,NA,NA,NA
103,"103_0",2024-11-08 11:39:59.995,"Box",2,"Bullies","Gobiomorphus cotidianus","Common_bully","Toitoi","Native","No",1,NA,26,2.11111111111111,NA,NA,NA,NA,NA,NA
103,"103_0",2024-11-08 11:39:59.995,"Box",2,"Bullies","Gobiomorphus cotidianus","Common_bully","Toitoi","Native","No",1,NA,33,2.11111111111111,NA,NA,NA,NA,NA,NA
77,"77_0",2025-01-17 12:30:00,"Box",2,"Kōura","Paranephrops planifrons","Freshwater_crayfish","Kōura","Native","Yes",1,"F",26.76,10,1,NA,NA,NA,NA,NA
73,"73_0",2025-01-17 11:30:00,"Box",2,"Kōura","Paranephrops planifrons","Freshwater_crayfish","Kōura","Native","Yes",1,"F",26.68,14,NA,NA,NA,NA,NA,NA
103,"103_0",2024-11-08 11:39:59.995,"Fyke",2,"Common_smelt","Retropinna retropinna","Common_smelt","Common_smelt","Native","No",40,NA,NA,NA,NA,NA,NA,NA,NA,"Estimated"
103,"103_0",2024-11-08 11:39:59.995,"Fyke",2,"Bullies","Gobiomorphus cotidianus","Common_bully","Toitoi","Native","No",NA,NA,NA,418,NA,NA,NA,2.25,532.323,NA
103,"103_0",2024-11-08 11:39:59.995,"Fyke",2,"Eel","Anguilla dieffenbachii","Long_fin_eel","Tuna","Native","Yes",1,NA,800,NA,NA,NA,NA,NA,NA,NA
103,"103_0",2024-11-08 11:39:59.995,"Fyke",2,"Common_smelt","Retropinna retropinna","Common_smelt","Common_smelt","Native","No",1,NA,NA,NA,NA,NA,NA,NA,NA,NA
103,"103_0",2024-11-08 11:39:59.995,"Fyke",2,"Bullies","Gobiomorphus cotidianus","Common_bully","Toitoi","Native","No",1,NA,85,2.85714285714286,NA,NA,NA,NA,NA,NA
103,"103_0",2024-11-08 11:39:59.995,"Fyke",2,"Bullies","Gobiomorphus cotidianus","Common_bully","Toitoi","Native","No",1,NA,65,2.85714285714286,NA,NA,NA,NA,NA,NA
103,"103_0",2024-11-08 11:39:59.995,"Fyke",2,"Bullies","Gobiomorphus cotidianus","Common_bully","Toitoi","Native","No",1,NA,40,2.85714285714286,NA,NA,NA,NA,NA,NA
103,"103_0",2024-11-08 11:39:59.995,"Fyke",2,"Bullies","Gobiomorphus cotidianus","Common_bully","Toitoi","Native","No",1,NA,50,2.85714285714286,NA,NA,NA,NA,NA,NA
103,"103_0",2024-11-08 11:39:59.995,"Fyke",2,"Bullies","Gobiomorphus cotidianus","Common_bully","Toitoi","Native","No",1,NA,70,2.85714285714286,NA,NA,NA,NA,NA,NA
103,"103_0",2024-11-08 11:39:59.995,"Fyke",2,"Bullies","Gobiomorphus cotidianus","Common_bully","Toitoi","Native","No",1,NA,65,2.85714285714286,NA,NA,NA,NA,NA,NA
103,"103_0",2024-11-08 11:39:59.995,"Fyke",2,"Bullies","Gobiomorphus cotidianus","Common_bully","Toitoi","Native","No",1,NA,64,2.85714285714286,NA,NA,NA,NA,NA,NA
103,"103_0",2024-11-08 11:39:59.995,"Fyke",2,"Bullies","Gobiomorphus cotidianus","Common_bully","Toitoi","Native","No",1,NA,59,2.85714285714286,NA,NA,NA,NA,NA,NA
103,"103_0",2024-11-08 11:39:59.995,"Fyke",2,"Bullies","Gobiomorphus cotidianus","Common_bully","Toitoi","Native","No",1,NA,71,2.85714285714286,NA,NA,NA,NA,NA,NA
103,"103_0",2024-11-08 11:39:59.995,"Fyke",2,"Bullies","Gobiomorphus cotidianus","Common_bully","Toitoi","Native","No",1,NA,32,2.85714285714286,NA,NA,NA,NA,NA,NA
103,"103_0",2024-11-08 11:39:59.995,"Fyke",2,"Bullies","Gobiomorphus cotidianus","Common_bully","Toitoi","Native","No",1,NA,54,2.85714285714286,NA,NA,NA,NA,NA,NA
103,"103_0",2024-11-08 11:39:59.995,"Fyke",2,"Bullies","Gobiomorphus cotidianus","Common_bully","Toitoi","Native","No",1,NA,59,2.85714285714286,NA,NA,NA,NA,NA,NA
103,"103_0",2024-11-08 11:39:59.995,"Fyke",2,"Bullies","Gobiomorphus cotidianus","Common_bully","Toitoi","Native","No",1,NA,56,2.85714285714286,NA,NA,NA,NA,NA,NA
103,"103_0",2024-11-08 11:39:59.995,"Fyke",2,"Bullies","Gobiomorphus cotidianus","Common_bully","Toitoi","Native","No",1,NA,48,2.85714285714286,NA,NA,NA,NA,NA,NA
103,"103_0",2024-11-08 11:39:59.995,"Fyke",2,"Bullies","Gobiomorphus cotidianus","Common_bully","Toitoi","Native","No",1,NA,65,2.85714285714286,NA,NA,NA,NA,NA,NA
103,"103_0",2024-11-08 11:39:59.995,"Fyke",2,"Bullies","Gobiomorphus cotidianus","Common_bully","Toitoi","Native","No",1,NA,30,2.85714285714286,NA,NA,NA,NA,NA,NA
103,"103_0",2024-11-08 11:39:59.995,"Fyke",2,"Bullies","Gobiomorphus cotidianus","Common_bully","Toitoi","Native","No",1,NA,55,2.85714285714286,NA,NA,NA,NA,NA,NA
103,"103_0",2024-11-08 11:39:59.995,"Fyke",2,"Bullies","Gobiomorphus cotidianus","Common_bully","Toitoi","Native","No",1,NA,56,2.85714285714286,NA,NA,NA,NA,NA,NA
103,"103_0",2024-11-08 11:39:59.995,"Fyke",2,"Bullies","Gobiomorphus cotidianus","Common_bully","Toitoi","Native","No",1,NA,58,2.85714285714286,NA,NA,NA,NA,NA,NA
103,"103_0",2024-11-08 11:39:59.995,"Fyke",2,"Bullies","Gobiomorphus cotidianus","Common_bully","Toitoi","Native","No",1,NA,66,2.85714285714286,NA,NA,NA,NA,NA,NA
103,"103_0",2024-11-08 11:39:59.995,"Fyke",2,"Bullies","Gobiomorphus cotidianus","Common_bully","Toitoi","Native","No",1,NA,39,2.85714285714286,NA,NA,NA,NA,NA,NA
103,"103_0",2024-11-08 11:39:59.995,"Fyke",2,"Bullies","Gobiomorphus cotidianus","Common_bully","Toitoi","Native","No",NA,NA,NA,248,NA,NA,NA,1.3,307.5644,NA
104,"104_0",2024-11-08 10:00:00,"Box",2,"Bullies","Gobiomorphus cotidianus","Common_bully","Toitoi","Native","No",1,NA,45,1.4,NA,NA,NA,NA,NA,NA
104,"104_0",2024-11-08 10:00:00,"Box",2,"Bullies","Gobiomorphus cotidianus","Common_bully","Toitoi","Native","No",1,NA,59,1.4,NA,NA,NA,NA,NA,NA
104,"104_0",2024-11-08 09:59:59.995,"Box",2,"Bullies","Gobiomorphus cotidianus","Common_bully","Toitoi","Native","No",1,NA,46,1.4,NA,NA,NA,NA,NA,NA
104,"104_0",2024-11-08 09:59:59.995,"Box",2,"Bullies","Gobiomorphus cotidianus","Common_bully","Toitoi","Native","No",1,NA,56,1.4,NA,NA,NA,NA,NA,NA
104,"104_0",2024-11-08 09:59:59.995,"Box",2,"Bullies","Gobiomorphus cotidianus","Common_bully","Toitoi","Native","No",1,NA,32,1.4,NA,NA,NA,NA,NA,NA
104,"104_0",2024-11-08 09:59:59.995,"Box",2,"Bullies","Gobiomorphus cotidianus","Common_bully","Toitoi","Native","No",1,NA,45,1.4,NA,NA,NA,NA,NA,NA
104,"104_0",2024-11-08 09:59:59.995,"Box",2,"Bullies","Gobiomorphus cotidianus","Common_bully","Toitoi","Native","No",1,NA,44,1.4,NA,NA,NA,NA,NA,NA
104,"104_0",2024-11-08 09:59:59.995,"Box",2,"Bullies","Gobiomorphus cotidianus","Common_bully","Toitoi","Native","No",1,NA,42,1.4,NA,NA,NA,NA,NA,NA
104,"104_0",2024-11-08 09:59:59.995,"Box",2,"Bullies","Gobiomorphus cotidianus","Common_bully","Toitoi","Native","No",1,NA,53,1.4,NA,NA,NA,NA,NA,NA
104,"104_0",2024-11-08 09:59:59.995,"Box",2,"Bullies","Gobiomorphus cotidianus","Common_bully","Toitoi","Native","No",1,NA,50,1.4,NA,NA,NA,NA,NA,NA
104,"104_0",2024-11-08 09:59:59.995,"Box",2,"Bullies","Gobiomorphus cotidianus","Common_bully","Toitoi","Native","No",1,NA,34,1.4,NA,NA,NA,NA,NA,NA
104,"104_0",2024-11-08 09:59:59.995,"Box",2,"Bullies","Gobiomorphus cotidianus","Common_bully","Toitoi","Native","No",1,NA,60,1.4,NA,NA,NA,NA,NA,NA
104,"104_0",2024-11-08 09:59:59.995,"Box",2,"Bullies","Gobiomorphus cotidianus","Common_bully","Toitoi","Native","No",1,NA,40,1.4,NA,NA,NA,NA,NA,NA
104,"104_0",2024-11-08 09:59:59.995,"Box",2,"Bullies","Gobiomorphus cotidianus","Common_bully","Toitoi","Native","No",1,NA,38,1.4,NA,NA,NA,NA,NA,NA
104,"104_0",2024-11-08 09:59:59.995,"Box",2,"Bullies","Gobiomorphus cotidianus","Common_bully","Toitoi","Native","No",1,NA,30,1.4,NA,NA,NA,NA,NA,NA
104,"104_0",2024-11-08 09:59:59.995,"Box",2,"Bullies","Gobiomorphus cotidianus","Common_bully","Toitoi","Native","No",1,NA,41,1.4,NA,NA,NA,NA,NA,NA
104,"104_0",2024-11-08 09:59:59.995,"Box",2,"Bullies","Gobiomorphus cotidianus","Common_bully","Toitoi","Native","No",1,NA,49,1.4,NA,NA,NA,NA,NA,NA
104,"104_0",2024-11-08 09:59:59.995,"Box",2,"Bullies","Gobiomorphus cotidianus","Common_bully","Toitoi","Native","No",1,NA,49,1.4,NA,NA,NA,NA,NA,NA
104,"104_0",2024-11-08 09:59:59.995,"Box",2,"Bullies","Gobiomorphus cotidianus","Common_bully","Toitoi","Native","No",1,NA,51,1.4,NA,NA,NA,NA,NA,NA
104,"104_0",2024-11-08 09:59:59.995,"Box",2,"Bullies","Gobiomorphus cotidianus","Common_bully","Toitoi","Native","No",1,NA,36,1.4,NA,NA,NA,NA,NA,NA
104,"104_0",2024-11-08 09:59:59.995,"Fyke",2,"Eel","Anguilla dieffenbachii","Long_fin_eel","Tuna","Native","Yes",1,NA,1200,NA,NA,NA,NA,NA,NA,NA
104,"104_0",2024-11-08 09:59:59.995,"Fyke",2,"Eel","Anguilla dieffenbachii","Long_fin_eel","Tuna","Native","Yes",1,NA,1000,NA,NA,NA,NA,NA,NA,NA
104,"104_0",2024-11-08 09:59:59.995,"Fyke",2,"Goldfish","Carassius auratus","Goldfish","Morihana","Nonnative","No",1,NA,143,68,NA,NA,NA,NA,NA,NA
104,"104_0",2024-11-08 09:59:59.995,"Fyke",2,"Goldfish","Carassius auratus","Goldfish","Morihana","Nonnative","No",1,NA,172,121,NA,NA,NA,NA,NA,NA
104,"104_0",2024-11-08 09:59:59.995,"Fyke",2,"Goldfish","Carassius auratus","Goldfish","Morihana","Nonnative","No",1,NA,170,115,NA,NA,NA,NA,NA,NA
104,"104_0",2024-11-08 09:59:59.995,"Fyke",2,"Bullies","Gobiomorphus cotidianus","Common_bully","Toitoi","Native","No",NA,NA,NA,321,NA,NA,NA,1.5,354.882,NA
104,"104_0",2024-11-08 09:59:59.995,"Fyke",2,"Common_smelt","Retropinna retropinna","Common_smelt","Common_smelt","Native","No",6,NA,NA,NA,NA,NA,NA,NA,NA,NA
104,"104_0",2024-11-08 09:59:59.995,"Fyke",2,"Common_smelt","Retropinna retropinna","Common_smelt","Common_smelt","Native","No",12,NA,NA,NA,NA,NA,NA,NA,NA,NA
104,"104_0",2024-11-08 09:59:59.995,"Fyke",2,"Eel","Anguilla dieffenbachii","Long_fin_eel","Tuna","Native","Yes",1,NA,800,NA,NA,NA,NA,NA,NA,NA
104,"104_0",2024-11-08 09:59:59.995,"Fyke",2,"Goldfish","Carassius auratus","Goldfish","Morihana","Nonnative","No",1,NA,55,NA,NA,NA,NA,NA,NA,NA
104,"104_0",2024-11-08 09:59:59.995,"Fyke",2,"Goldfish","Carassius auratus","Goldfish","Morihana","Nonnative","No",1,NA,57,5,NA,NA,NA,NA,NA,NA
104,"104_0",2024-11-08 09:59:59.995,"Fyke",2,"Goldfish","Carassius auratus","Goldfish","Morihana","Nonnative","No",1,NA,67,5,NA,NA,NA,NA,NA,NA
104,"104_0",2024-11-08 09:59:59.995,"Fyke",2,"Goldfish","Carassius auratus","Goldfish","Morihana","Nonnative","No",1,NA,52,3,NA,NA,NA,NA,NA,NA
104,"104_0",2024-11-08 09:59:59.995,"Fyke",2,"Goldfish","Carassius auratus","Goldfish","Morihana","Nonnative","No",1,NA,58,3,NA,NA,NA,NA,NA,NA
104,"104_0",2024-11-08 09:59:59.995,"Fyke",2,"Bullies","Gobiomorphus cotidianus","Common_bully","Toitoi","Native","No",NA,NA,NA,NA,NA,NA,NA,2.5,591.47,NA
104,"104_0",2024-11-08 09:59:59.995,"Fyke",2,"Bullies","Gobiomorphus cotidianus","Common_bully","Toitoi","Native","No",NA,NA,NA,53,NA,NA,NA,0.5,118.294,NA
113,"113_0",2025-01-23 09:17:59.995,"Box",2,"Kōura","Paranephrops planifrons","Freshwater_crayfish","Kōura","Native","Yes",1,"F",26.66,12,1,NA,NA,NA,NA,NA
77,"77_0",2025-01-17 12:30:00,"Fyke",2,"Kōura","Paranephrops planifrons","Freshwater_crayfish","Kōura","Native","Yes",1,"M",26.43,15,NA,NA,NA,NA,NA,NA
105,"105_0",2024-11-07 12:59:59.995,"Box",2,"Bullies","Gobiomorphus cotidianus","Common_bully","Toitoi","Native","No",45,NA,NA,NA,NA,NA,NA,NA,NA,NA
105,"105_0",2024-11-07 12:59:59.995,"Fyke",2,"Common_smelt","Retropinna retropinna","Common_smelt","Common_smelt","Native","No",1,NA,NA,NA,NA,NA,NA,NA,NA,NA
105,"105_0",2024-11-07 12:59:59.995,"Fyke",2,"Bullies","Gobiomorphus cotidianus","Common_bully","Toitoi","Native","No",NA,NA,NA,NA,NA,NA,NA,0.6,141.9528,NA
113,"113_0",2025-01-23 09:17:59.995,"Box",2,"Kōura","Paranephrops planifrons","Freshwater_crayfish","Kōura","Native","Yes",1,"F",26.42,13,NA,NA,NA,NA,NA,NA
105,"105_0",2024-11-07 12:59:59.995,"Fyke",2,"Goldfish","Carassius auratus","Goldfish","Morihana","Nonnative","No",1,NA,61,NA,NA,NA,NA,NA,NA,NA
105,"105_0",2024-11-07 12:59:59.995,"Fyke",2,"Goldfish","Carassius auratus","Goldfish","Morihana","Nonnative","No",1,NA,46,NA,NA,NA,NA,NA,NA,NA
77,"77_0",2025-01-17 12:30:00,"Fyke",2,"Kōura","Paranephrops planifrons","Freshwater_crayfish","Kōura","Native","Yes",1,"F",26.31,17,NA,NA,NA,NA,NA,NA
113,"113_0",2025-01-23 09:17:59.995,"Fyke",2,"Kōura","Paranephrops planifrons","Freshwater_crayfish","Kōura","Native","Yes",1,"M",26.31,17,NA,NA,NA,NA,NA,NA
98,"98_0",2024-11-07 13:30:00,"Box",2,"Kōura","Paranephrops planifrons","Freshwater_crayfish","Kōura","Native","Yes",1,"F",26.26,NA,NA,NA,NA,NA,NA,NA
105,"105_0",2024-11-07 12:59:59.995,"Fyke",2,"Bullies","Gobiomorphus cotidianus","Common_bully","Toitoi","Native","No",NA,NA,NA,NA,NA,NA,NA,1.5,354.882,NA
73,"73_0",2025-01-17 11:30:00,"Box",2,"Kōura","Paranephrops planifrons","Freshwater_crayfish","Kōura","Native","Yes",1,"F",26.24,11,NA,NA,NA,NA,NA,NA
115,"115_0",2024-11-01 14:10:00,"Fyke",2,"Kōura","Paranephrops planifrons","Freshwater_crayfish","Kōura","Native","Yes",1,"F",26,18,NA,NA,NA,NA,NA,NA
117,"117_0",2024-11-01 12:30:00,"Fyke",2,"Kōura","Paranephrops planifrons","Freshwater_crayfish","Kōura","Native","Yes",1,"F",26,17,NA,NA,NA,NA,NA,NA
106,"106_0",2024-11-07 10:30:00,"Box",2,"Bullies","Gobiomorphus cotidianus","Common_bully","Toitoi","Native","No",8,NA,NA,NA,NA,NA,NA,NA,NA,NA
76,"76_0",2025-01-16 08:22:00,"Fyke",2,"Kōura","Paranephrops planifrons","Freshwater_crayfish","Kōura","Native","Yes",1,"F",26,14,1,NA,NA,NA,NA,NA
102,"102_0",2024-11-07 11:26:59.995,"Box",2,"Kōura","Paranephrops planifrons","Freshwater_crayfish","Kōura","Native","Yes",1,"M",26,13,NA,NA,NA,NA,NA,NA
115,"115_0",2024-11-01 14:10:00,"Fyke",2,"Kōura","Paranephrops planifrons","Freshwater_crayfish","Kōura","Native","Yes",1,"M",26,11,1,NA,NA,NA,NA,NA
97,"97_0",2024-11-07 12:34:59.995,"Box",2,"Kōura","Paranephrops planifrons","Freshwater_crayfish","Kōura","Native","Yes",1,"M",26,NA,NA,NA,NA,NA,NA,NA
105,"105_0",2024-11-07 13:00:00,"Box",2,"Kōura","Paranephrops planifrons","Freshwater_crayfish","Kōura","Native","Yes",1,"F",26,NA,NA,NA,NA,NA,NA,NA
66,"66_0",2025-02-21 12:20:00,"Fyke",2,"Kōura","Paranephrops planifrons","Freshwater_crayfish","Kōura","Native","Yes",1,"M",25.94,14,NA,NA,NA,NA,NA,NA
73,"73_0",2025-01-17 11:29:59.995,"Fyke",2,"Kōura","Paranephrops planifrons","Freshwater_crayfish","Kōura","Native","Yes",1,"M",25.94,13,NA,NA,NA,NA,NA,NA
113,"113_0",2025-01-23 09:17:59.995,"Box",2,"Kōura","Paranephrops planifrons","Freshwater_crayfish","Kōura","Native","Yes",1,"M",25.93,15,NA,NA,NA,NA,NA,NA
106,"106_0",2024-11-07 10:30:00,"Fyke",2,"Common_smelt","Retropinna retropinna","Common_smelt","Common_smelt","Native","No",3,NA,NA,NA,NA,NA,NA,NA,NA,NA
68,"68_0",2025-02-21 11:50:00,"Box",2,"Kōura","Paranephrops planifrons","Freshwater_crayfish","Kōura","Native","Yes",1,"F",25.87,12,NA,NA,NA,NA,NA,NA
106,"106_0",2024-11-07 10:30:00,"Fyke",2,"Bullies","Gobiomorphus cotidianus","Common_bully","Toitoi","Native","No",1,NA,90,NA,NA,NA,NA,NA,NA,NA
106,"106_0",2024-11-07 10:30:00,"Fyke",2,"Bullies","Gobiomorphus cotidianus","Common_bully","Toitoi","Native","No",1,NA,59,NA,NA,NA,NA,NA,NA,NA
106,"106_0",2024-11-07 10:30:00,"Fyke",2,"Bullies","Gobiomorphus cotidianus","Common_bully","Toitoi","Native","No",1,NA,55,NA,NA,NA,NA,NA,NA,NA
106,"106_0",2024-11-07 10:30:00,"Fyke",2,"Bullies","Gobiomorphus cotidianus","Common_bully","Toitoi","Native","No",1,NA,58,NA,NA,NA,NA,NA,NA,NA
106,"106_0",2024-11-07 10:30:00,"Fyke",2,"Bullies","Gobiomorphus cotidianus","Common_bully","Toitoi","Native","No",1,NA,50,NA,NA,NA,NA,NA,NA,NA
106,"106_0",2024-11-07 10:30:00,"Fyke",2,"Bullies","Gobiomorphus cotidianus","Common_bully","Toitoi","Native","No",1,NA,49,NA,NA,NA,NA,NA,NA,NA
106,"106_0",2024-11-07 10:30:00,"Fyke",2,"Bullies","Gobiomorphus cotidianus","Common_bully","Toitoi","Native","No",1,NA,53,NA,NA,NA,NA,NA,NA,NA
106,"106_0",2024-11-07 10:30:00,"Fyke",2,"Bullies","Gobiomorphus cotidianus","Common_bully","Toitoi","Native","No",1,NA,32,NA,NA,NA,NA,NA,NA,NA
106,"106_0",2024-11-07 10:30:00,"Fyke",2,"Bullies","Gobiomorphus cotidianus","Common_bully","Toitoi","Native","No",1,NA,55,NA,NA,NA,NA,NA,NA,NA
106,"106_0",2024-11-07 10:30:00,"Fyke",2,"Bullies","Gobiomorphus cotidianus","Common_bully","Toitoi","Native","No",1,NA,41,NA,NA,NA,NA,NA,NA,NA
106,"106_0",2024-11-07 10:30:00,"Fyke",2,"Bullies","Gobiomorphus cotidianus","Common_bully","Toitoi","Native","No",1,NA,61,NA,NA,NA,NA,NA,NA,NA
106,"106_0",2024-11-07 10:30:00,"Fyke",2,"Bullies","Gobiomorphus cotidianus","Common_bully","Toitoi","Native","No",1,NA,51,NA,NA,NA,NA,NA,NA,NA
106,"106_0",2024-11-07 10:30:00,"Fyke",2,"Bullies","Gobiomorphus cotidianus","Common_bully","Toitoi","Native","No",1,NA,41,NA,NA,NA,NA,NA,NA,NA
106,"106_0",2024-11-07 10:30:00,"Fyke",2,"Bullies","Gobiomorphus cotidianus","Common_bully","Toitoi","Native","No",1,NA,57,NA,NA,NA,NA,NA,NA,NA
106,"106_0",2024-11-07 10:30:00,"Fyke",2,"Bullies","Gobiomorphus cotidianus","Common_bully","Toitoi","Native","No",1,NA,51,NA,NA,NA,NA,NA,NA,NA
106,"106_0",2024-11-07 10:30:00,"Fyke",2,"Bullies","Gobiomorphus cotidianus","Common_bully","Toitoi","Native","No",1,NA,57,NA,NA,NA,NA,NA,NA,NA
106,"106_0",2024-11-07 10:30:00,"Fyke",2,"Bullies","Gobiomorphus cotidianus","Common_bully","Toitoi","Native","No",1,NA,38,NA,NA,NA,NA,NA,NA,NA
106,"106_0",2024-11-07 10:30:00,"Fyke",2,"Bullies","Gobiomorphus cotidianus","Common_bully","Toitoi","Native","No",1,NA,65,NA,NA,NA,NA,NA,NA,NA
106,"106_0",2024-11-07 10:30:00,"Fyke",2,"Bullies","Gobiomorphus cotidianus","Common_bully","Toitoi","Native","No",1,NA,64,NA,NA,NA,NA,NA,NA,NA
106,"106_0",2024-11-07 10:30:00,"Fyke",2,"Bullies","Gobiomorphus cotidianus","Common_bully","Toitoi","Native","No",1,NA,62,NA,NA,NA,NA,NA,NA,NA
106,"106_0",2024-11-07 10:30:00,"Fyke",2,"Bullies","Gobiomorphus cotidianus","Common_bully","Toitoi","Native","No",1,NA,27,NA,NA,NA,NA,NA,NA,NA
106,"106_0",2024-11-07 10:30:00,"Fyke",2,"Bullies","Gobiomorphus cotidianus","Common_bully","Toitoi","Native","No",1,NA,38,NA,NA,NA,NA,NA,NA,NA
106,"106_0",2024-11-07 10:30:00,"Fyke",2,"Bullies","Gobiomorphus cotidianus","Common_bully","Toitoi","Native","No",1,NA,55,NA,NA,NA,NA,NA,NA,NA
106,"106_0",2024-11-07 10:30:00,"Fyke",2,"Bullies","Gobiomorphus cotidianus","Common_bully","Toitoi","Native","No",1,NA,35,NA,NA,NA,NA,NA,NA,NA
106,"106_0",2024-11-07 10:30:00,"Fyke",2,"Bullies","Gobiomorphus cotidianus","Common_bully","Toitoi","Native","No",1,NA,52,NA,NA,NA,NA,NA,NA,NA
106,"106_0",2024-11-07 10:30:00,"Fyke",2,"Bullies","Gobiomorphus cotidianus","Common_bully","Toitoi","Native","No",1,NA,43,NA,NA,NA,NA,NA,NA,NA
106,"106_0",2024-11-07 10:30:00,"Fyke",2,"Bullies","Gobiomorphus cotidianus","Common_bully","Toitoi","Native","No",1,NA,67,NA,NA,NA,NA,NA,NA,NA
106,"106_0",2024-11-07 10:30:00,"Fyke",2,"Bullies","Gobiomorphus cotidianus","Common_bully","Toitoi","Native","No",1,NA,50,NA,NA,NA,NA,NA,NA,NA
106,"106_0",2024-11-07 10:30:00,"Fyke",2,"Bullies","Gobiomorphus cotidianus","Common_bully","Toitoi","Native","No",1,NA,38,NA,NA,NA,NA,NA,NA,NA
106,"106_0",2024-11-07 10:30:00,"Fyke",2,"Bullies","Gobiomorphus cotidianus","Common_bully","Toitoi","Native","No",1,NA,40,NA,NA,NA,NA,NA,NA,NA
106,"106_0",2024-11-07 10:30:00,"Fyke",2,"Bullies","Gobiomorphus cotidianus","Common_bully","Toitoi","Native","No",1,NA,57,NA,NA,NA,NA,NA,NA,NA
106,"106_0",2024-11-07 10:30:00,"Fyke",2,"Bullies","Gobiomorphus cotidianus","Common_bully","Toitoi","Native","No",NA,NA,NA,195,NA,NA,NA,1,236.588,NA
106,"106_0",2024-11-07 10:30:00,"Fyke",2,"Bullies","Gobiomorphus cotidianus","Common_bully","Toitoi","Native","No",NA,NA,NA,183,NA,NA,NA,1,236.588,NA
106,"106_0",2024-11-07 10:30:00,"Fyke",2,"Bullies","Gobiomorphus cotidianus","Common_bully","Toitoi","Native","No",NA,NA,NA,159,NA,NA,NA,1,236.588,NA
106,"106_0",2024-11-07 10:30:00,"Fyke",2,"Bullies","Gobiomorphus cotidianus","Common_bully","Toitoi","Native","No",NA,NA,NA,110,NA,NA,NA,0.5,118.294,NA
113,"113_0",2025-01-23 09:17:59.995,"Box",2,"Kōura","Paranephrops planifrons","Freshwater_crayfish","Kōura","Native","Yes",1,"F",25.48,13,NA,NA,NA,NA,NA,NA
98,"98_0",2024-11-07 13:30:00,"Box",2,"Kōura","Paranephrops planifrons","Freshwater_crayfish","Kōura","Native","Yes",1,"M",25.08,NA,NA,NA,NA,NA,NA,NA
120,"120_0",2024-11-01 10:18:00,"Fyke",2,"Kōura","Paranephrops planifrons","Freshwater_crayfish","Kōura","Native","Yes",1,"M",25,29,NA,NA,NA,NA,NA,NA
106,"106_0",2024-11-07 10:30:00,"Fyke",2,"Bullies","Gobiomorphus cotidianus","Common_bully","Toitoi","Native","No",NA,NA,NA,206,NA,NA,NA,1,236.588,NA
106,"106_0",2024-11-07 10:30:00,"Fyke",2,"Bullies","Gobiomorphus cotidianus","Common_bully","Toitoi","Native","No",NA,NA,NA,231,NA,NA,NA,1,236.588,NA
115,"115_0",2024-11-01 14:10:00,"Box",2,"Kōura","Paranephrops planifrons","Freshwater_crayfish","Kōura","Native","Yes",1,"M",25,17,NA,NA,NA,NA,NA,NA
107,"107_0",2024-11-08 09:20:00,"Box",2,"Bullies","Gobiomorphus cotidianus","Common_bully","Toitoi","Native","No",1,NA,50,NA,NA,NA,NA,NA,NA,NA
107,"107_0",2024-11-08 09:20:00,"Fyke",2,"Bullies","Gobiomorphus cotidianus","Common_bully","Toitoi","Native","No",1,NA,68,NA,NA,NA,NA,NA,NA,NA
107,"107_0",2024-11-08 09:20:00,"Fyke",2,"Bullies","Gobiomorphus cotidianus","Common_bully","Toitoi","Native","No",1,NA,64,NA,NA,NA,NA,NA,NA,NA
107,"107_0",2024-11-08 09:20:00,"Fyke",2,"Bullies","Gobiomorphus cotidianus","Common_bully","Toitoi","Native","No",1,NA,65,NA,NA,NA,NA,NA,NA,NA
107,"107_0",2024-11-08 09:20:00,"Fyke",2,"Bullies","Gobiomorphus cotidianus","Common_bully","Toitoi","Native","No",1,NA,49,NA,NA,NA,NA,NA,NA,NA
107,"107_0",2024-11-08 09:20:00,"Fyke",2,"Bullies","Gobiomorphus cotidianus","Common_bully","Toitoi","Native","No",1,NA,48,NA,NA,NA,NA,NA,NA,NA
107,"107_0",2024-11-08 09:20:00,"Fyke",2,"Bullies","Gobiomorphus cotidianus","Common_bully","Toitoi","Native","No",1,NA,50,NA,NA,NA,NA,NA,NA,NA
107,"107_0",2024-11-08 09:20:00,"Fyke",2,"Bullies","Gobiomorphus cotidianus","Common_bully","Toitoi","Native","No",1,NA,55,NA,NA,NA,NA,NA,NA,NA
107,"107_0",2024-11-08 09:20:00,"Fyke",2,"Bullies","Gobiomorphus cotidianus","Common_bully","Toitoi","Native","No",1,NA,30,NA,NA,NA,NA,NA,NA,NA
107,"107_0",2024-11-08 09:20:00,"Fyke",2,"Bullies","Gobiomorphus cotidianus","Common_bully","Toitoi","Native","No",1,NA,52,NA,NA,NA,NA,NA,NA,NA
107,"107_0",2024-11-08 09:20:00,"Fyke",2,"Bullies","Gobiomorphus cotidianus","Common_bully","Toitoi","Native","No",1,NA,70,NA,NA,NA,NA,NA,NA,NA
107,"107_0",2024-11-08 09:20:00,"Fyke",2,"Bullies","Gobiomorphus cotidianus","Common_bully","Toitoi","Native","No",1,NA,34,NA,NA,NA,NA,NA,NA,NA
107,"107_0",2024-11-08 09:20:00,"Fyke",2,"Bullies","Gobiomorphus cotidianus","Common_bully","Toitoi","Native","No",1,NA,56,NA,NA,NA,NA,NA,NA,NA
107,"107_0",2024-11-08 09:20:00,"Fyke",2,"Bullies","Gobiomorphus cotidianus","Common_bully","Toitoi","Native","No",1,NA,30,NA,NA,NA,NA,NA,NA,NA
107,"107_0",2024-11-08 09:20:00,"Fyke",2,"Bullies","Gobiomorphus cotidianus","Common_bully","Toitoi","Native","No",1,NA,70,NA,NA,NA,NA,NA,NA,NA
107,"107_0",2024-11-08 09:20:00,"Fyke",2,"Bullies","Gobiomorphus cotidianus","Common_bully","Toitoi","Native","No",1,NA,55,NA,NA,NA,NA,NA,NA,NA
107,"107_0",2024-11-08 09:20:00,"Fyke",2,"Bullies","Gobiomorphus cotidianus","Common_bully","Toitoi","Native","No",1,NA,46,NA,NA,NA,NA,NA,NA,NA
107,"107_0",2024-11-08 09:20:00,"Fyke",2,"Bullies","Gobiomorphus cotidianus","Common_bully","Toitoi","Native","No",1,NA,70,NA,NA,NA,NA,NA,NA,NA
107,"107_0",2024-11-08 09:20:00,"Fyke",2,"Bullies","Gobiomorphus cotidianus","Common_bully","Toitoi","Native","No",1,NA,65,NA,NA,NA,NA,NA,NA,NA
107,"107_0",2024-11-08 09:20:00,"Fyke",2,"Bullies","Gobiomorphus cotidianus","Common_bully","Toitoi","Native","No",1,NA,52,NA,NA,NA,NA,NA,NA,NA
107,"107_0",2024-11-08 09:20:00,"Fyke",2,"Bullies","Gobiomorphus cotidianus","Common_bully","Toitoi","Native","No",1,NA,32,NA,NA,NA,NA,NA,NA,NA
107,"107_0",2024-11-08 09:20:00,"Fyke",2,"Bullies","Gobiomorphus cotidianus","Common_bully","Toitoi","Native","No",1,NA,30,NA,NA,NA,NA,NA,NA,NA
107,"107_0",2024-11-08 09:20:00,"Fyke",2,"Bullies","Gobiomorphus cotidianus","Common_bully","Toitoi","Native","No",1,NA,30,NA,NA,NA,NA,NA,NA,NA
107,"107_0",2024-11-08 09:20:00,"Fyke",2,"Bullies","Gobiomorphus cotidianus","Common_bully","Toitoi","Native","No",1,NA,42,NA,NA,NA,NA,NA,NA,NA
107,"107_0",2024-11-08 09:20:00,"Fyke",2,"Bullies","Gobiomorphus cotidianus","Common_bully","Toitoi","Native","No",1,NA,42,NA,NA,NA,NA,NA,NA,NA
107,"107_0",2024-11-08 09:20:00,"Fyke",2,"Bullies","Gobiomorphus cotidianus","Common_bully","Toitoi","Native","No",1,NA,75,NA,NA,NA,NA,NA,NA,NA
107,"107_0",2024-11-08 09:20:00,"Fyke",2,"Bullies","Gobiomorphus cotidianus","Common_bully","Toitoi","Native","No",1,NA,60,NA,NA,NA,NA,NA,NA,NA
107,"107_0",2024-11-08 09:20:00,"Fyke",2,"Bullies","Gobiomorphus cotidianus","Common_bully","Toitoi","Native","No",1,NA,40,NA,NA,NA,NA,NA,NA,NA
107,"107_0",2024-11-08 09:20:00,"Fyke",2,"Bullies","Gobiomorphus cotidianus","Common_bully","Toitoi","Native","No",1,NA,26,NA,NA,NA,NA,NA,NA,NA
107,"107_0",2024-11-08 09:20:00,"Fyke",2,"Bullies","Gobiomorphus cotidianus","Common_bully","Toitoi","Native","No",1,NA,50,NA,NA,NA,NA,NA,NA,NA
107,"107_0",2024-11-08 09:20:00,"Fyke",2,"Bullies","Gobiomorphus cotidianus","Common_bully","Toitoi","Native","No",1,NA,27,NA,NA,NA,NA,NA,NA,NA
107,"107_0",2024-11-08 09:20:00,"Fyke",2,"Bullies","Gobiomorphus cotidianus","Common_bully","Toitoi","Native","No",NA,NA,NA,NA,NA,NA,NA,1,236.588,NA
107,"107_0",2024-11-08 09:20:00,"Fyke",2,"Bullies","Gobiomorphus cotidianus","Common_bully","Toitoi","Native","No",NA,NA,NA,443,NA,NA,NA,2.5,591.47,NA
108,"108_0",2024-11-08 11:00:00,"Box",2,"Bullies","Gobiomorphus cotidianus","Common_bully","Toitoi","Native","No",1,NA,51,2.33333333333333,NA,NA,NA,NA,NA,NA
108,"108_0",2024-11-08 11:00:00,"Box",2,"Bullies","Gobiomorphus cotidianus","Common_bully","Toitoi","Native","No",1,NA,56,2.33333333333333,NA,NA,NA,NA,NA,NA
108,"108_0",2024-11-08 11:00:00,"Box",2,"Bullies","Gobiomorphus cotidianus","Common_bully","Toitoi","Native","No",1,NA,45,2.33333333333333,NA,NA,NA,NA,NA,NA
108,"108_0",2024-11-08 11:00:00,"Box",2,"Bullies","Gobiomorphus cotidianus","Common_bully","Toitoi","Native","No",1,NA,63,2.33333333333333,NA,NA,NA,NA,NA,NA
108,"108_0",2024-11-08 11:00:00,"Box",2,"Bullies","Gobiomorphus cotidianus","Common_bully","Toitoi","Native","No",1,NA,63,2.33333333333333,NA,NA,NA,NA,NA,NA
108,"108_0",2024-11-08 11:00:00,"Box",2,"Bullies","Gobiomorphus cotidianus","Common_bully","Toitoi","Native","No",1,NA,70,2.33333333333333,NA,NA,NA,NA,NA,NA
108,"108_0",2024-11-08 11:00:00,"Box",2,"Bullies","Gobiomorphus cotidianus","Common_bully","Toitoi","Native","No",1,NA,65,2.33333333333333,NA,NA,NA,NA,NA,NA
108,"108_0",2024-11-08 11:00:00,"Box",2,"Bullies","Gobiomorphus cotidianus","Common_bully","Toitoi","Native","No",1,NA,49,2.33333333333333,NA,NA,NA,NA,NA,NA
108,"108_0",2024-11-08 11:00:00,"Box",2,"Bullies","Gobiomorphus cotidianus","Common_bully","Toitoi","Native","No",1,NA,30,2.33333333333333,NA,NA,NA,NA,NA,NA
108,"108_0",2024-11-08 11:00:00,"Fyke",2,"Goldfish","Carassius auratus","Goldfish","Morihana","Nonnative","No",1,NA,39,1,NA,NA,NA,NA,NA,NA
108,"108_0",2024-11-08 11:00:00,"Fyke",2,"Goldfish","Carassius auratus","Goldfish","Morihana","Nonnative","No",1,NA,49,1,NA,NA,NA,NA,NA,NA
109,"109_0",2024-11-01 12:59:59.995,"Box",2,"Kōura","Paranephrops planifrons","Freshwater_crayfish","Kōura","Native","Yes",1,"M",25,16,NA,NA,NA,NA,NA,NA
108,"108_0",2024-11-08 11:00:00,"Fyke",2,"Bullies","Gobiomorphus cotidianus","Common_bully","Toitoi","Native","No",1,NA,61,2.2,NA,NA,NA,NA,NA,NA
108,"108_0",2024-11-08 11:00:00,"Fyke",2,"Bullies","Gobiomorphus cotidianus","Common_bully","Toitoi","Native","No",1,NA,46,2.2,NA,NA,NA,NA,NA,NA
108,"108_0",2024-11-08 11:00:00,"Fyke",2,"Bullies","Gobiomorphus cotidianus","Common_bully","Toitoi","Native","No",1,NA,61,2.2,NA,NA,NA,NA,NA,NA
108,"108_0",2024-11-08 11:00:00,"Fyke",2,"Bullies","Gobiomorphus cotidianus","Common_bully","Toitoi","Native","No",1,NA,50,2.2,NA,NA,NA,NA,NA,NA
108,"108_0",2024-11-08 11:00:00,"Fyke",2,"Bullies","Gobiomorphus cotidianus","Common_bully","Toitoi","Native","No",1,NA,59,2.2,NA,NA,NA,NA,NA,NA
108,"108_0",2024-11-08 11:00:00,"Fyke",2,"Bullies","Gobiomorphus cotidianus","Common_bully","Toitoi","Native","No",1,NA,51,2.2,NA,NA,NA,NA,NA,NA
108,"108_0",2024-11-08 11:00:00,"Fyke",2,"Bullies","Gobiomorphus cotidianus","Common_bully","Toitoi","Native","No",1,NA,54,2.2,NA,NA,NA,NA,NA,NA
108,"108_0",2024-11-08 11:00:00,"Fyke",2,"Bullies","Gobiomorphus cotidianus","Common_bully","Toitoi","Native","No",1,NA,50,2.2,NA,NA,NA,NA,NA,NA
108,"108_0",2024-11-08 11:00:00,"Fyke",2,"Bullies","Gobiomorphus cotidianus","Common_bully","Toitoi","Native","No",1,NA,45,2.2,NA,NA,NA,NA,NA,NA
108,"108_0",2024-11-08 11:00:00,"Fyke",2,"Bullies","Gobiomorphus cotidianus","Common_bully","Toitoi","Native","No",1,NA,41,2.2,NA,NA,NA,NA,NA,NA
108,"108_0",2024-11-08 11:00:00,"Fyke",2,"Bullies","Gobiomorphus cotidianus","Common_bully","Toitoi","Native","No",1,NA,59,2.2,NA,NA,NA,NA,NA,NA
108,"108_0",2024-11-08 11:00:00,"Fyke",2,"Bullies","Gobiomorphus cotidianus","Common_bully","Toitoi","Native","No",1,NA,31,2.2,NA,NA,NA,NA,NA,NA
108,"108_0",2024-11-08 11:00:00,"Fyke",2,"Bullies","Gobiomorphus cotidianus","Common_bully","Toitoi","Native","No",1,NA,55,2.2,NA,NA,NA,NA,NA,NA
108,"108_0",2024-11-08 11:00:00,"Fyke",2,"Bullies","Gobiomorphus cotidianus","Common_bully","Toitoi","Native","No",1,NA,50,2.2,NA,NA,NA,NA,NA,NA
108,"108_0",2024-11-08 11:00:00,"Fyke",2,"Bullies","Gobiomorphus cotidianus","Common_bully","Toitoi","Native","No",1,NA,50,2.2,NA,NA,NA,NA,NA,NA
108,"108_0",2024-11-08 11:00:00,"Fyke",2,"Bullies","Gobiomorphus cotidianus","Common_bully","Toitoi","Native","No",1,NA,57,2.2,NA,NA,NA,NA,NA,NA
108,"108_0",2024-11-08 11:00:00,"Fyke",2,"Bullies","Gobiomorphus cotidianus","Common_bully","Toitoi","Native","No",1,NA,60,2.2,NA,NA,NA,NA,NA,NA
108,"108_0",2024-11-08 11:00:00,"Fyke",2,"Bullies","Gobiomorphus cotidianus","Common_bully","Toitoi","Native","No",1,NA,41,2.2,NA,NA,NA,NA,NA,NA
108,"108_0",2024-11-08 11:00:00,"Fyke",2,"Bullies","Gobiomorphus cotidianus","Common_bully","Toitoi","Native","No",1,NA,66,2.2,NA,NA,NA,NA,NA,NA
108,"108_0",2024-11-08 11:00:00,"Fyke",2,"Bullies","Gobiomorphus cotidianus","Common_bully","Toitoi","Native","No",1,NA,55,2.2,NA,NA,NA,NA,NA,NA
108,"108_0",2024-11-08 11:00:00,"Fyke",2,"Bullies","Gobiomorphus cotidianus","Common_bully","Toitoi","Native","No",1,NA,44,2.2,NA,NA,NA,NA,NA,NA
108,"108_0",2024-11-08 11:00:00,"Fyke",2,"Bullies","Gobiomorphus cotidianus","Common_bully","Toitoi","Native","No",1,NA,26,2.2,NA,NA,NA,NA,NA,NA
108,"108_0",2024-11-08 11:00:00,"Fyke",2,"Bullies","Gobiomorphus cotidianus","Common_bully","Toitoi","Native","No",1,NA,70,2.2,NA,NA,NA,NA,NA,NA
108,"108_0",2024-11-08 11:00:00,"Fyke",2,"Bullies","Gobiomorphus cotidianus","Common_bully","Toitoi","Native","No",1,NA,62,2.2,NA,NA,NA,NA,NA,NA
108,"108_0",2024-11-08 11:00:00,"Fyke",2,"Bullies","Gobiomorphus cotidianus","Common_bully","Toitoi","Native","No",1,NA,74,2.2,NA,NA,NA,NA,NA,NA
108,"108_0",2024-11-08 11:00:00,"Fyke",2,"Bullies","Gobiomorphus cotidianus","Common_bully","Toitoi","Native","No",1,NA,52,2.2,NA,NA,NA,NA,NA,NA
108,"108_0",2024-11-08 11:00:00,"Fyke",2,"Bullies","Gobiomorphus cotidianus","Common_bully","Toitoi","Native","No",1,NA,69,2.2,NA,NA,NA,NA,NA,NA
108,"108_0",2024-11-08 11:00:00,"Fyke",2,"Bullies","Gobiomorphus cotidianus","Common_bully","Toitoi","Native","No",1,NA,55,2.2,NA,NA,NA,NA,NA,NA
108,"108_0",2024-11-08 11:00:00,"Fyke",2,"Bullies","Gobiomorphus cotidianus","Common_bully","Toitoi","Native","No",1,NA,60,2.2,NA,NA,NA,NA,NA,NA
108,"108_0",2024-11-08 11:00:00,"Fyke",2,"Bullies","Gobiomorphus cotidianus","Common_bully","Toitoi","Native","No",1,NA,55,2.2,NA,NA,NA,NA,NA,NA
108,"108_0",2024-11-08 11:00:00,"Fyke",2,"Bullies","Gobiomorphus cotidianus","Common_bully","Toitoi","Native","No",1,NA,44,2.2,NA,NA,NA,NA,NA,NA
108,"108_0",2024-11-08 11:00:00,"Fyke",2,"Bullies","Gobiomorphus cotidianus","Common_bully","Toitoi","Native","No",NA,NA,NA,196,NA,NA,NA,1,236.588,NA
115,"115_0",2024-11-01 14:10:00,"Fyke",2,"Kōura","Paranephrops planifrons","Freshwater_crayfish","Kōura","Native","Yes",1,"F",25,16,NA,NA,NA,NA,NA,NA
108,"108_0",2024-11-08 11:00:00,"Fyke",2,"Goldfish","Carassius auratus","Goldfish","Morihana","Nonnative","No",1,NA,65,5,NA,NA,NA,NA,NA,NA
108,"108_0",2024-11-08 11:00:00,"Fyke",2,"Goldfish","Carassius auratus","Goldfish","Morihana","Nonnative","No",1,NA,50,1,NA,NA,NA,NA,NA,NA
108,"108_0",2024-11-08 11:00:00,"Fyke",2,"Bullies","Gobiomorphus cotidianus","Common_bully","Toitoi","Native","No",NA,NA,NA,168,NA,NA,NA,0.75,177.441,NA
85,"85_0",2024-12-11 09:50:00,"Box",2,"Bullies","Gobiomorphus cotidianus","Common_bully","Toitoi","Native","No",1,NA,52,3.8,NA,NA,NA,NA,NA,NA
85,"85_0",2024-12-11 09:50:00,"Box",2,"Bullies","Gobiomorphus cotidianus","Common_bully","Toitoi","Native","No",1,NA,30,3.8,NA,NA,NA,NA,NA,NA
85,"85_0",2024-12-11 09:49:59.995,"Box",2,"Bullies","Gobiomorphus cotidianus","Common_bully","Toitoi","Native","No",1,NA,34,3.8,NA,NA,NA,NA,NA,NA
85,"85_0",2024-12-11 09:49:59.995,"Box",2,"Bullies","Gobiomorphus cotidianus","Common_bully","Toitoi","Native","No",1,NA,49,3.8,NA,NA,NA,NA,NA,NA
85,"85_0",2024-12-11 09:49:59.995,"Box",2,"Bullies","Gobiomorphus cotidianus","Common_bully","Toitoi","Native","No",1,NA,44,3.8,NA,NA,NA,NA,NA,NA
85,"85_0",2024-12-11 09:49:59.995,"Fyke",2,"Goldfish","Carassius auratus","Goldfish","Morihana","Nonnative","No",1,NA,162,102,NA,NA,NA,NA,NA,NA
85,"85_0",2024-12-11 09:49:59.995,"Fyke",2,"Goldfish","Carassius auratus","Goldfish","Morihana","Nonnative","No",1,NA,96,24,NA,NA,NA,NA,NA,NA
85,"85_0",2024-12-11 09:49:59.995,"Fyke",2,"Goldfish","Carassius auratus","Goldfish","Morihana","Nonnative","No",1,NA,50,7,NA,NA,NA,NA,NA,NA
115,"115_0",2024-11-01 14:10:00,"Fyke",2,"Kōura","Paranephrops planifrons","Freshwater_crayfish","Kōura","Native","Yes",1,"M",25,16,NA,NA,NA,NA,NA,NA
115,"115_0",2024-11-01 14:10:00,"Fyke",2,"Kōura","Paranephrops planifrons","Freshwater_crayfish","Kōura","Native","Yes",1,"F",25,16,NA,NA,NA,NA,NA,NA
85,"85_0",2024-12-11 09:49:59.995,"Fyke",2,"Common_smelt","Retropinna retropinna","Common_smelt","Common_smelt","Native","No",65,NA,NA,77,NA,NA,NA,NA,NA,NA
85,"85_0",2024-12-11 09:49:59.995,"Fyke",2,"Bullies","Gobiomorphus cotidianus","Common_bully","Toitoi","Native","No",1,NA,45,1.24242424242424,NA,NA,NA,NA,NA,NA
85,"85_0",2024-12-11 09:49:59.995,"Fyke",2,"Bullies","Gobiomorphus cotidianus","Common_bully","Toitoi","Native","No",1,NA,36,1.24242424242424,NA,NA,NA,NA,NA,NA
85,"85_0",2024-12-11 09:49:59.995,"Fyke",2,"Bullies","Gobiomorphus cotidianus","Common_bully","Toitoi","Native","No",1,NA,75,1.24242424242424,NA,NA,NA,NA,NA,NA
85,"85_0",2024-12-11 09:49:59.995,"Fyke",2,"Bullies","Gobiomorphus cotidianus","Common_bully","Toitoi","Native","No",1,NA,36,1.24242424242424,NA,NA,NA,NA,NA,NA
85,"85_0",2024-12-11 09:49:59.995,"Fyke",2,"Bullies","Gobiomorphus cotidianus","Common_bully","Toitoi","Native","No",1,NA,34,1.24242424242424,NA,NA,NA,NA,NA,NA
85,"85_0",2024-12-11 09:49:59.995,"Fyke",2,"Bullies","Gobiomorphus cotidianus","Common_bully","Toitoi","Native","No",1,NA,30,1.24242424242424,NA,NA,NA,NA,NA,NA
85,"85_0",2024-12-11 09:49:59.995,"Fyke",2,"Bullies","Gobiomorphus cotidianus","Common_bully","Toitoi","Native","No",1,NA,70,1.24242424242424,NA,NA,NA,NA,NA,NA
85,"85_0",2024-12-11 09:49:59.995,"Fyke",2,"Bullies","Gobiomorphus cotidianus","Common_bully","Toitoi","Native","No",1,NA,30,1.24242424242424,NA,NA,NA,NA,NA,NA
85,"85_0",2024-12-11 09:49:59.995,"Fyke",2,"Bullies","Gobiomorphus cotidianus","Common_bully","Toitoi","Native","No",1,NA,48,1.24242424242424,NA,NA,NA,NA,NA,NA
85,"85_0",2024-12-11 09:49:59.995,"Fyke",2,"Bullies","Gobiomorphus cotidianus","Common_bully","Toitoi","Native","No",1,NA,35,1.24242424242424,NA,NA,NA,NA,NA,NA
85,"85_0",2024-12-11 09:49:59.995,"Fyke",2,"Bullies","Gobiomorphus cotidianus","Common_bully","Toitoi","Native","No",1,NA,33,1.24242424242424,NA,NA,NA,NA,NA,NA
85,"85_0",2024-12-11 09:49:59.995,"Fyke",2,"Bullies","Gobiomorphus cotidianus","Common_bully","Toitoi","Native","No",1,NA,27,1.24242424242424,NA,NA,NA,NA,NA,NA
85,"85_0",2024-12-11 09:49:59.995,"Fyke",2,"Bullies","Gobiomorphus cotidianus","Common_bully","Toitoi","Native","No",1,NA,39,1.24242424242424,NA,NA,NA,NA,NA,NA
85,"85_0",2024-12-11 09:49:59.995,"Fyke",2,"Bullies","Gobiomorphus cotidianus","Common_bully","Toitoi","Native","No",1,NA,36,1.24242424242424,NA,NA,NA,NA,NA,NA
85,"85_0",2024-12-11 09:49:59.995,"Fyke",2,"Bullies","Gobiomorphus cotidianus","Common_bully","Toitoi","Native","No",1,NA,41,1.24242424242424,NA,NA,NA,NA,NA,NA
85,"85_0",2024-12-11 09:49:59.995,"Fyke",2,"Bullies","Gobiomorphus cotidianus","Common_bully","Toitoi","Native","No",1,NA,32,1.24242424242424,NA,NA,NA,NA,NA,NA
85,"85_0",2024-12-11 09:49:59.995,"Fyke",2,"Bullies","Gobiomorphus cotidianus","Common_bully","Toitoi","Native","No",1,NA,33,1.24242424242424,NA,NA,NA,NA,NA,NA
85,"85_0",2024-12-11 09:49:59.995,"Fyke",2,"Bullies","Gobiomorphus cotidianus","Common_bully","Toitoi","Native","No",1,NA,38,1.24242424242424,NA,NA,NA,NA,NA,NA
85,"85_0",2024-12-11 09:49:59.995,"Fyke",2,"Bullies","Gobiomorphus cotidianus","Common_bully","Toitoi","Native","No",1,NA,40,1.24242424242424,NA,NA,NA,NA,NA,NA
85,"85_0",2024-12-11 09:49:59.995,"Fyke",2,"Bullies","Gobiomorphus cotidianus","Common_bully","Toitoi","Native","No",1,NA,48,1.24242424242424,NA,NA,NA,NA,NA,NA
85,"85_0",2024-12-11 09:49:59.995,"Fyke",2,"Bullies","Gobiomorphus cotidianus","Common_bully","Toitoi","Native","No",1,NA,55,1.24242424242424,NA,NA,NA,NA,NA,NA
85,"85_0",2024-12-11 09:49:59.995,"Fyke",2,"Bullies","Gobiomorphus cotidianus","Common_bully","Toitoi","Native","No",1,NA,46,1.24242424242424,NA,NA,NA,NA,NA,NA
85,"85_0",2024-12-11 09:49:59.995,"Fyke",2,"Bullies","Gobiomorphus cotidianus","Common_bully","Toitoi","Native","No",1,NA,47,1.24242424242424,NA,NA,NA,NA,NA,NA
85,"85_0",2024-12-11 09:49:59.995,"Fyke",2,"Bullies","Gobiomorphus cotidianus","Common_bully","Toitoi","Native","No",1,NA,32,1.24242424242424,NA,NA,NA,NA,NA,NA
85,"85_0",2024-12-11 09:49:59.995,"Fyke",2,"Bullies","Gobiomorphus cotidianus","Common_bully","Toitoi","Native","No",1,NA,44,1.24242424242424,NA,NA,NA,NA,NA,NA
85,"85_0",2024-12-11 09:49:59.995,"Fyke",2,"Bullies","Gobiomorphus cotidianus","Common_bully","Toitoi","Native","No",1,NA,40,1.24242424242424,NA,NA,NA,NA,NA,NA
85,"85_0",2024-12-11 09:49:59.995,"Fyke",2,"Bullies","Gobiomorphus cotidianus","Common_bully","Toitoi","Native","No",1,NA,41,1.24242424242424,NA,NA,NA,NA,NA,NA
85,"85_0",2024-12-11 09:49:59.995,"Fyke",2,"Bullies","Gobiomorphus cotidianus","Common_bully","Toitoi","Native","No",1,NA,34,1.24242424242424,NA,NA,NA,NA,NA,NA
85,"85_0",2024-12-11 09:49:59.995,"Fyke",2,"Bullies","Gobiomorphus cotidianus","Common_bully","Toitoi","Native","No",1,NA,45,1.24242424242424,NA,NA,NA,NA,NA,NA
85,"85_0",2024-12-11 09:49:59.995,"Fyke",2,"Bullies","Gobiomorphus cotidianus","Common_bully","Toitoi","Native","No",1,NA,61,1.24242424242424,NA,NA,NA,NA,NA,NA
85,"85_0",2024-12-11 09:49:59.995,"Fyke",2,"Bullies","Gobiomorphus cotidianus","Common_bully","Toitoi","Native","No",1,NA,31,1.24242424242424,NA,NA,NA,NA,NA,NA
85,"85_0",2024-12-11 09:49:59.995,"Fyke",2,"Bullies","Gobiomorphus cotidianus","Common_bully","Toitoi","Native","No",1,NA,45,1.24242424242424,NA,NA,NA,NA,NA,NA
85,"85_0",2024-12-11 09:49:59.995,"Fyke",2,"Bullies","Gobiomorphus cotidianus","Common_bully","Toitoi","Native","No",1,NA,34,1.24242424242424,NA,NA,NA,NA,NA,NA
85,"85_0",2024-12-11 09:49:59.995,"Fyke",2,"Bullies","Gobiomorphus cotidianus","Common_bully","Toitoi","Native","No",NA,NA,NA,81,NA,NA,NA,0.5,118.294,NA
85,"85_0",2024-12-11 09:49:59.995,"Fyke",2,"Bullies","Gobiomorphus cotidianus","Common_bully","Toitoi","Native","No",NA,NA,NA,329,NA,NA,NA,1.75,414.029,NA
85,"85_0",2024-12-11 09:49:59.995,"Fyke",2,"Goldfish","Carassius auratus","Goldfish","Morihana","Nonnative","No",1,NA,170,122,NA,NA,NA,NA,NA,NA
85,"85_0",2024-12-11 09:49:59.995,"Fyke",2,"Goldfish","Carassius auratus","Goldfish","Morihana","Nonnative","No",1,NA,190,193,NA,NA,NA,NA,NA,NA
85,"85_0",2024-12-11 09:49:59.995,"Fyke",2,"Goldfish","Carassius auratus","Goldfish","Morihana","Nonnative","No",1,NA,187,161,NA,NA,NA,NA,NA,NA
85,"85_0",2024-12-11 09:49:59.995,"Fyke",2,"Goldfish","Carassius auratus","Goldfish","Morihana","Nonnative","No",1,NA,166,129,NA,NA,NA,NA,NA,NA
85,"85_0",2024-12-11 09:49:59.995,"Fyke",2,"Goldfish","Carassius auratus","Goldfish","Morihana","Nonnative","No",1,NA,175,125,NA,NA,NA,NA,NA,NA
85,"85_0",2024-12-11 09:49:59.995,"Fyke",2,"Goldfish","Carassius auratus","Goldfish","Morihana","Nonnative","No",1,NA,168,108,NA,NA,NA,NA,NA,NA
85,"85_0",2024-12-11 09:49:59.995,"Fyke",2,"Goldfish","Carassius auratus","Goldfish","Morihana","Nonnative","No",1,NA,165,104,NA,NA,NA,NA,NA,NA
85,"85_0",2024-12-11 09:49:59.995,"Fyke",2,"Goldfish","Carassius auratus","Goldfish","Morihana","Nonnative","No",1,NA,130,55,NA,NA,NA,NA,NA,NA
85,"85_0",2024-12-11 09:49:59.995,"Fyke",2,"Goldfish","Carassius auratus","Goldfish","Morihana","Nonnative","No",1,NA,139,54,NA,NA,NA,NA,NA,NA
85,"85_0",2024-12-11 09:49:59.995,"Fyke",2,"Goldfish","Carassius auratus","Goldfish","Morihana","Nonnative","No",1,NA,149,67,NA,NA,NA,NA,NA,NA
85,"85_0",2024-12-11 09:49:59.995,"Fyke",2,"Goldfish","Carassius auratus","Goldfish","Morihana","Nonnative","No",1,NA,62,6,NA,NA,NA,NA,NA,NA
85,"85_0",2024-12-11 09:49:59.995,"Fyke",2,"Goldfish","Carassius auratus","Goldfish","Morihana","Nonnative","No",1,NA,141,71,NA,NA,NA,NA,NA,NA
85,"85_0",2024-12-11 09:49:59.995,"Fyke",2,"Goldfish","Carassius auratus","Goldfish","Morihana","Nonnative","No",1,NA,151,79,NA,NA,NA,NA,NA,NA
85,"85_0",2024-12-11 09:49:59.995,"Fyke",2,"Goldfish","Carassius auratus","Goldfish","Morihana","Nonnative","No",1,NA,125,46,NA,NA,NA,NA,NA,NA
85,"85_0",2024-12-11 09:49:59.995,"Fyke",2,"Goldfish","Carassius auratus","Goldfish","Morihana","Nonnative","No",1,NA,134,59,NA,NA,NA,NA,NA,NA
85,"85_0",2024-12-11 09:49:59.995,"Fyke",2,"Goldfish","Carassius auratus","Goldfish","Morihana","Nonnative","No",1,NA,136,59,NA,NA,NA,NA,NA,NA
85,"85_0",2024-12-11 09:49:59.995,"Fyke",2,"Goldfish","Carassius auratus","Goldfish","Morihana","Nonnative","No",1,NA,60,5,NA,NA,NA,NA,NA,NA
85,"85_0",2024-12-11 09:49:59.995,"Fyke",2,"Goldfish","Carassius auratus","Goldfish","Morihana","Nonnative","No",1,NA,66,6,NA,NA,NA,NA,NA,NA
85,"85_0",2024-12-11 09:49:59.995,"Fyke",2,"Goldfish","Carassius auratus","Goldfish","Morihana","Nonnative","No",1,NA,42,1,NA,NA,NA,NA,NA,NA
85,"85_0",2024-12-11 09:49:59.995,"Fyke",2,"Common_smelt","Retropinna retropinna","Common_smelt","Common_smelt","Native","No",NA,NA,NA,361,NA,NA,NA,NA,NA,NA
85,"85_0",2024-12-11 09:49:59.995,"Fyke",2,"Bullies","Gobiomorphus cotidianus","Common_bully","Toitoi","Native","No",NA,NA,NA,520,NA,NA,NA,2,473.176,NA
85,"85_0",2024-12-11 09:49:59.995,"Fyke",2,"Bullies","Gobiomorphus cotidianus","Common_bully","Toitoi","Native","No",NA,NA,NA,297,NA,NA,NA,1.5,354.882,NA
86,"86_0",2024-12-11 12:00:00,"Box",2,"Bullies","Gobiomorphus cotidianus","Common_bully","Toitoi","Native","No",NA,NA,NA,77,NA,NA,NA,0.5,118.294,NA
86,"86_0",2024-12-11 12:00:00,"Fyke",2,"Goldfish","Carassius auratus","Goldfish","Morihana","Nonnative","No",1,NA,195,184,NA,NA,NA,NA,NA,NA
86,"86_0",2024-12-11 12:00:00,"Fyke",2,"Goldfish","Carassius auratus","Goldfish","Morihana","Nonnative","No",1,NA,105,26,NA,NA,NA,NA,NA,NA
86,"86_0",2024-12-11 12:00:00,"Fyke",2,"Goldfish","Carassius auratus","Goldfish","Morihana","Nonnative","No",1,NA,55,4,NA,NA,NA,NA,NA,NA
86,"86_0",2024-12-11 12:00:00,"Fyke",2,"Goldfish","Carassius auratus","Goldfish","Morihana","Nonnative","No",1,NA,53,3,NA,NA,NA,NA,NA,NA
86,"86_0",2024-12-11 12:00:00,"Fyke",2,"Goldfish","Carassius auratus","Goldfish","Morihana","Nonnative","No",1,NA,49,2,NA,NA,NA,NA,NA,NA
86,"86_0",2024-12-11 12:00:00,"Fyke",2,"Goldfish","Carassius auratus","Goldfish","Morihana","Nonnative","No",1,NA,48,2,NA,NA,NA,NA,NA,NA
86,"86_0",2024-12-11 12:00:00,"Fyke",2,"Bullies","Gobiomorphus cotidianus","Common_bully","Toitoi","Native","No",NA,NA,NA,35,NA,NA,NA,NA,NA,NA
86,"86_0",2024-12-11 12:00:00,"Fyke",2,"Goldfish","Carassius auratus","Goldfish","Morihana","Nonnative","No",1,NA,200,225,NA,NA,NA,NA,NA,NA
86,"86_0",2024-12-11 12:00:00,"Fyke",2,"Goldfish","Carassius auratus","Goldfish","Morihana","Nonnative","No",1,NA,130,53,NA,NA,NA,NA,NA,NA
86,"86_0",2024-12-11 12:00:00,"Fyke",2,"Goldfish","Carassius auratus","Goldfish","Morihana","Nonnative","No",1,NA,55,4,NA,NA,NA,NA,NA,NA
86,"86_0",2024-12-11 12:00:00,"Fyke",2,"Goldfish","Carassius auratus","Goldfish","Morihana","Nonnative","No",1,NA,190,160,NA,NA,NA,NA,NA,NA
86,"86_0",2024-12-11 12:00:00,"Fyke",2,"Goldfish","Carassius auratus","Goldfish","Morihana","Nonnative","No",1,NA,163,93,NA,NA,NA,NA,NA,NA
86,"86_0",2024-12-11 12:00:00,"Fyke",2,"Goldfish","Carassius auratus","Goldfish","Morihana","Nonnative","No",1,NA,146,76,NA,NA,NA,NA,NA,NA
86,"86_0",2024-12-11 12:00:00,"Fyke",2,"Goldfish","Carassius auratus","Goldfish","Morihana","Nonnative","No",1,NA,71,6,NA,NA,NA,NA,NA,NA
86,"86_0",2024-12-11 12:00:00,"Fyke",2,"Goldfish","Carassius auratus","Goldfish","Morihana","Nonnative","No",1,NA,60,4,NA,NA,NA,NA,NA,NA
86,"86_0",2024-12-11 12:00:00,"Fyke",2,"Goldfish","Carassius auratus","Goldfish","Morihana","Nonnative","No",1,NA,65,6,NA,NA,NA,NA,NA,NA
86,"86_0",2024-12-11 12:00:00,"Fyke",2,"Goldfish","Carassius auratus","Goldfish","Morihana","Nonnative","No",1,NA,59,5,NA,NA,NA,NA,NA,NA
86,"86_0",2024-12-11 12:00:00,"Fyke",2,"Goldfish","Carassius auratus","Goldfish","Morihana","Nonnative","No",1,NA,60,4,NA,NA,NA,NA,NA,NA
86,"86_0",2024-12-11 12:00:00,"Fyke",2,"Goldfish","Carassius auratus","Goldfish","Morihana","Nonnative","No",1,NA,65,6,NA,NA,NA,NA,NA,NA
86,"86_0",2024-12-11 12:00:00,"Fyke",2,"Goldfish","Carassius auratus","Goldfish","Morihana","Nonnative","No",1,NA,44,1,NA,NA,NA,NA,NA,NA
86,"86_0",2024-12-11 12:00:00,"Fyke",2,"Goldfish","Carassius auratus","Goldfish","Morihana","Nonnative","No",1,NA,55,4,NA,NA,NA,NA,NA,NA
86,"86_0",2024-12-11 12:00:00,"Fyke",2,"Goldfish","Carassius auratus","Goldfish","Morihana","Nonnative","No",1,NA,50,1,NA,NA,NA,NA,NA,NA
86,"86_0",2024-12-11 12:00:00,"Fyke",2,"Goldfish","Carassius auratus","Goldfish","Morihana","Nonnative","No",1,NA,52,1,NA,NA,NA,NA,NA,NA
86,"86_0",2024-12-11 12:00:00,"Fyke",2,"Common_smelt","Retropinna retropinna","Common_smelt","Common_smelt","Native","No",10,NA,NA,13,NA,NA,NA,NA,NA,NA
86,"86_0",2024-12-11 12:00:00,"Fyke",2,"Bullies","Gobiomorphus cotidianus","Common_bully","Toitoi","Native","No",NA,NA,NA,325,NA,NA,NA,1.75,414.029,NA
87,"87_0",2024-12-11 15:00:00,"Box",2,"Bullies","Gobiomorphus cotidianus","Common_bully","Toitoi","Native","No",8,NA,NA,NA,NA,NA,NA,NA,NA,NA
120,"120_0",2024-11-01 10:18:00,"Fyke",2,"Kōura","Paranephrops planifrons","Freshwater_crayfish","Kōura","Native","Yes",1,"M",25,12,NA,NA,NA,NA,NA,NA
87,"87_0",2024-12-11 15:00:00,"Fyke",2,"Goldfish","Carassius auratus","Goldfish","Morihana","Nonnative","No",1,NA,205,245,NA,NA,NA,NA,NA,NA
87,"87_0",2024-12-11 15:00:00,"Fyke",2,"Goldfish","Carassius auratus","Goldfish","Morihana","Nonnative","No",1,NA,205,240,NA,NA,NA,NA,NA,NA
87,"87_0",2024-12-11 15:00:00,"Fyke",2,"Goldfish","Carassius auratus","Goldfish","Morihana","Nonnative","No",1,NA,160,99,NA,NA,NA,NA,NA,NA
87,"87_0",2024-12-11 15:00:00,"Fyke",2,"Goldfish","Carassius auratus","Goldfish","Morihana","Nonnative","No",1,NA,77,11,NA,NA,NA,NA,NA,NA
87,"87_0",2024-12-11 15:00:00,"Fyke",2,"Goldfish","Carassius auratus","Goldfish","Morihana","Nonnative","No",1,NA,120,42,NA,NA,NA,NA,NA,NA
87,"87_0",2024-12-11 15:00:00,"Fyke",2,"Goldfish","Carassius auratus","Goldfish","Morihana","Nonnative","No",1,NA,155,96,NA,NA,NA,NA,NA,NA
87,"87_0",2024-12-11 15:00:00,"Fyke",2,"Goldfish","Carassius auratus","Goldfish","Morihana","Nonnative","No",1,NA,130,54,NA,NA,NA,NA,NA,NA
87,"87_0",2024-12-11 15:00:00,"Fyke",2,"Goldfish","Carassius auratus","Goldfish","Morihana","Nonnative","No",1,NA,59,3,NA,NA,NA,NA,NA,NA
87,"87_0",2024-12-11 15:00:00,"Fyke",2,"Goldfish","Carassius auratus","Goldfish","Morihana","Nonnative","No",1,NA,81,12,NA,NA,NA,NA,NA,NA
87,"87_0",2024-12-11 15:00:00,"Fyke",2,"Goldfish","Carassius auratus","Goldfish","Morihana","Nonnative","No",1,NA,55,4,NA,NA,NA,NA,NA,NA
87,"87_0",2024-12-11 15:00:00,"Fyke",2,"Goldfish","Carassius auratus","Goldfish","Morihana","Nonnative","No",1,NA,80,13,NA,NA,NA,NA,NA,NA
87,"87_0",2024-12-11 15:00:00,"Fyke",2,"Goldfish","Carassius auratus","Goldfish","Morihana","Nonnative","No",1,NA,60,3,NA,NA,NA,NA,NA,NA
87,"87_0",2024-12-11 15:00:00,"Fyke",2,"Goldfish","Carassius auratus","Goldfish","Morihana","Nonnative","No",1,NA,64,4,NA,NA,NA,NA,NA,NA
87,"87_0",2024-12-11 15:00:00,"Fyke",2,"Goldfish","Carassius auratus","Goldfish","Morihana","Nonnative","No",1,NA,57,3,NA,NA,NA,NA,NA,NA
87,"87_0",2024-12-11 15:00:00,"Fyke",2,"Common_smelt","Retropinna retropinna","Common_smelt","Common_smelt","Native","No",3,NA,NA,NA,NA,NA,NA,NA,NA,NA
87,"87_0",2024-12-11 15:00:00,"Fyke",2,"Bullies","Gobiomorphus cotidianus","Common_bully","Toitoi","Native","No",NA,NA,NA,527,NA,NA,NA,2.5,591.47,"Very small"
87,"87_0",2024-12-11 15:00:00,"Fyke",2,"Bullies","Gobiomorphus cotidianus","Common_bully","Toitoi","Native","No",NA,NA,NA,407,NA,NA,NA,2,473.176,"Very small"
87,"87_0",2024-12-11 15:00:00,"Fyke",2,"Bullies","Gobiomorphus cotidianus","Common_bully","Toitoi","Native","No",NA,NA,NA,325,NA,NA,NA,1.75,414.029,"Very small"
87,"87_0",2024-12-11 15:00:00,"Fyke",2,"Goldfish","Carassius auratus","Goldfish","Morihana","Nonnative","No",1,NA,206,239,NA,NA,NA,NA,NA,NA
87,"87_0",2024-12-11 15:00:00,"Fyke",2,"Goldfish","Carassius auratus","Goldfish","Morihana","Nonnative","No",1,NA,170,142,NA,NA,NA,NA,NA,NA
87,"87_0",2024-12-11 15:00:00,"Fyke",2,"Goldfish","Carassius auratus","Goldfish","Morihana","Nonnative","No",1,NA,170,128,NA,NA,NA,NA,NA,NA
87,"87_0",2024-12-11 15:00:00,"Fyke",2,"Goldfish","Carassius auratus","Goldfish","Morihana","Nonnative","No",1,NA,175,153,NA,NA,NA,NA,NA,NA
87,"87_0",2024-12-11 15:00:00,"Fyke",2,"Goldfish","Carassius auratus","Goldfish","Morihana","Nonnative","No",1,NA,142,74,NA,NA,NA,NA,NA,NA
87,"87_0",2024-12-11 15:00:00,"Fyke",2,"Goldfish","Carassius auratus","Goldfish","Morihana","Nonnative","No",1,NA,139,64,NA,NA,NA,NA,NA,NA
87,"87_0",2024-12-11 15:00:00,"Fyke",2,"Goldfish","Carassius auratus","Goldfish","Morihana","Nonnative","No",1,NA,80,15,NA,NA,NA,NA,NA,NA
87,"87_0",2024-12-11 15:00:00,"Fyke",2,"Goldfish","Carassius auratus","Goldfish","Morihana","Nonnative","No",1,NA,61,3,NA,NA,NA,NA,NA,NA
87,"87_0",2024-12-11 15:00:00,"Fyke",2,"Goldfish","Carassius auratus","Goldfish","Morihana","Nonnative","No",1,NA,74,7,NA,NA,NA,NA,NA,NA
87,"87_0",2024-12-11 15:00:00,"Fyke",2,"Goldfish","Carassius auratus","Goldfish","Morihana","Nonnative","No",1,NA,75,3,NA,NA,NA,NA,NA,NA
87,"87_0",2024-12-11 15:00:00,"Fyke",2,"Bullies","Gobiomorphus cotidianus","Common_bully","Toitoi","Native","No",NA,NA,NA,550,NA,NA,NA,2.5,591.47,NA
87,"87_0",2024-12-11 15:00:00,"Fyke",2,"Bullies","Gobiomorphus cotidianus","Common_bully","Toitoi","Native","No",NA,NA,NA,566,NA,NA,NA,2.5,591.47,NA
87,"87_0",2024-12-11 15:00:00,"Fyke",2,"Bullies","Gobiomorphus cotidianus","Common_bully","Toitoi","Native","No",NA,NA,NA,604,NA,NA,NA,2.5,591.47,NA
87,"87_0",2024-12-11 15:00:00,"Fyke",2,"Bullies","Gobiomorphus cotidianus","Common_bully","Toitoi","Native","No",NA,NA,NA,457,NA,NA,NA,2,473.176,NA
88,"88_0",2024-12-12 10:30:00,"Box",2,"Bullies","Gobiomorphus cotidianus","Common_bully","Toitoi","Native","No",9,NA,NA,3,NA,NA,NA,NA,NA,NA
88,"88_0",2024-12-12 10:30:00,"Fyke",2,"Goldfish","Carassius auratus","Goldfish","Morihana","Nonnative","No",1,NA,254,463,NA,NA,NA,NA,NA,NA
88,"88_0",2024-12-12 10:30:00,"Fyke",2,"Goldfish","Carassius auratus","Goldfish","Morihana","Nonnative","No",1,NA,175,145,NA,NA,NA,NA,NA,NA
88,"88_0",2024-12-12 10:30:00,"Fyke",2,"Goldfish","Carassius auratus","Goldfish","Morihana","Nonnative","No",1,NA,171,122,NA,NA,NA,NA,NA,NA
88,"88_0",2024-12-12 10:30:00,"Fyke",2,"Goldfish","Carassius auratus","Goldfish","Morihana","Nonnative","No",1,NA,183,134,NA,NA,NA,NA,NA,NA
88,"88_0",2024-12-12 10:30:00,"Fyke",2,"Goldfish","Carassius auratus","Goldfish","Morihana","Nonnative","No",1,NA,165,111,NA,NA,NA,NA,NA,NA
88,"88_0",2024-12-12 10:30:00,"Fyke",2,"Goldfish","Carassius auratus","Goldfish","Morihana","Nonnative","No",1,NA,160,97,NA,NA,NA,NA,NA,NA
88,"88_0",2024-12-12 10:30:00,"Fyke",2,"Goldfish","Carassius auratus","Goldfish","Morihana","Nonnative","No",1,NA,169,102,NA,NA,NA,NA,NA,NA
88,"88_0",2024-12-12 10:30:00,"Fyke",2,"Goldfish","Carassius auratus","Goldfish","Morihana","Nonnative","No",1,NA,170,111,NA,NA,NA,NA,NA,NA
88,"88_0",2024-12-12 10:30:00,"Fyke",2,"Goldfish","Carassius auratus","Goldfish","Morihana","Nonnative","No",1,NA,140,56,NA,NA,NA,NA,NA,NA
88,"88_0",2024-12-12 10:30:00,"Fyke",2,"Goldfish","Carassius auratus","Goldfish","Morihana","Nonnative","No",1,NA,156,95,NA,NA,NA,NA,NA,NA
88,"88_0",2024-12-12 10:30:00,"Fyke",2,"Goldfish","Carassius auratus","Goldfish","Morihana","Nonnative","No",1,NA,145,76,NA,NA,NA,NA,NA,NA
88,"88_0",2024-12-12 10:30:00,"Fyke",2,"Goldfish","Carassius auratus","Goldfish","Morihana","Nonnative","No",1,NA,160,90,NA,NA,NA,NA,NA,NA
88,"88_0",2024-12-12 10:30:00,"Fyke",2,"Goldfish","Carassius auratus","Goldfish","Morihana","Nonnative","No",1,NA,120,52,NA,NA,NA,NA,NA,NA
88,"88_0",2024-12-12 10:30:00,"Fyke",2,"Goldfish","Carassius auratus","Goldfish","Morihana","Nonnative","No",1,NA,135,56,NA,NA,NA,NA,NA,NA
88,"88_0",2024-12-12 10:30:00,"Fyke",2,"Goldfish","Carassius auratus","Goldfish","Morihana","Nonnative","No",1,NA,130,52,NA,NA,NA,NA,NA,NA
88,"88_0",2024-12-12 10:30:00,"Fyke",2,"Common_smelt","Retropinna retropinna","Common_smelt","Common_smelt","Native","No",22,NA,NA,NA,NA,NA,NA,NA,NA,NA
88,"88_0",2024-12-12 10:30:00,"Fyke",2,"Bullies","Gobiomorphus cotidianus","Common_bully","Toitoi","Native","No",NA,NA,NA,489,NA,NA,NA,2.5,591.47,NA
88,"88_0",2024-12-12 10:30:00,"Fyke",2,"Bullies","Gobiomorphus cotidianus","Common_bully","Toitoi","Native","No",NA,NA,NA,264,NA,NA,NA,1.25,295.735,NA
89,"89_0",2024-12-11 13:00:00,"Box",2,"Bullies","Gobiomorphus cotidianus","Common_bully","Toitoi","Native","No",NA,NA,NA,58,NA,NA,NA,NA,NA,NA
89,"89_0",2024-12-11 13:00:00,"Fyke",2,"Goldfish","Carassius auratus","Goldfish","Morihana","Nonnative","No",1,NA,182,167,NA,NA,NA,NA,NA,NA
89,"89_0",2024-12-11 12:59:59.995,"Fyke",2,"Goldfish","Carassius auratus","Goldfish","Morihana","Nonnative","No",1,NA,154,88,NA,NA,NA,NA,NA,"Orange"
89,"89_0",2024-12-11 12:59:59.995,"Fyke",2,"Goldfish","Carassius auratus","Goldfish","Morihana","Nonnative","No",1,NA,189,169,NA,NA,NA,NA,NA,NA
89,"89_0",2024-12-11 12:59:59.995,"Fyke",2,"Goldfish","Carassius auratus","Goldfish","Morihana","Nonnative","No",1,NA,156,106,NA,NA,NA,NA,NA,NA
89,"89_0",2024-12-11 12:59:59.995,"Fyke",2,"Goldfish","Carassius auratus","Goldfish","Morihana","Nonnative","No",1,NA,162,112,NA,NA,NA,NA,NA,NA
89,"89_0",2024-12-11 12:59:59.995,"Fyke",2,"Goldfish","Carassius auratus","Goldfish","Morihana","Nonnative","No",1,NA,157,106,NA,NA,NA,NA,NA,NA
89,"89_0",2024-12-11 12:59:59.995,"Fyke",2,"Goldfish","Carassius auratus","Goldfish","Morihana","Nonnative","No",1,NA,152,94,NA,NA,NA,NA,NA,NA
89,"89_0",2024-12-11 12:59:59.995,"Fyke",2,"Goldfish","Carassius auratus","Goldfish","Morihana","Nonnative","No",1,NA,155,78,NA,NA,NA,NA,NA,NA
89,"89_0",2024-12-11 12:59:59.995,"Fyke",2,"Goldfish","Carassius auratus","Goldfish","Morihana","Nonnative","No",1,NA,141,64,NA,NA,NA,NA,NA,NA
89,"89_0",2024-12-11 12:59:59.995,"Fyke",2,"Goldfish","Carassius auratus","Goldfish","Morihana","Nonnative","No",1,NA,155,89,NA,NA,NA,NA,NA,NA
89,"89_0",2024-12-11 12:59:59.995,"Fyke",2,"Goldfish","Carassius auratus","Goldfish","Morihana","Nonnative","No",1,NA,115,40,NA,NA,NA,NA,NA,NA
89,"89_0",2024-12-11 12:59:59.995,"Fyke",2,"Goldfish","Carassius auratus","Goldfish","Morihana","Nonnative","No",1,NA,113,37,NA,NA,NA,NA,NA,NA
89,"89_0",2024-12-11 12:59:59.995,"Fyke",2,"Goldfish","Carassius auratus","Goldfish","Morihana","Nonnative","No",1,NA,126,55,NA,NA,NA,NA,NA,NA
89,"89_0",2024-12-11 12:59:59.995,"Fyke",2,"Goldfish","Carassius auratus","Goldfish","Morihana","Nonnative","No",1,NA,132,57,NA,NA,NA,NA,NA,NA
89,"89_0",2024-12-11 12:59:59.995,"Fyke",2,"Bullies","Gobiomorphus cotidianus","Common_bully","Toitoi","Native","No",100,NA,NA,41,NA,NA,NA,0.25,59.147,"counted and all small"
89,"89_0",2024-12-11 12:59:59.995,"Fyke",2,"Bullies","Gobiomorphus cotidianus","Common_bully","Toitoi","Native","No",NA,NA,NA,515,NA,NA,NA,2,473.176,NA
89,"89_0",2024-12-11 12:59:59.995,"Fyke",2,"Bullies","Gobiomorphus cotidianus","Common_bully","Toitoi","Native","No",NA,NA,NA,497,NA,NA,NA,2,473.176,NA
89,"89_0",2024-12-11 12:59:59.995,"Fyke",2,"Bullies","Gobiomorphus cotidianus","Common_bully","Toitoi","Native","No",NA,NA,NA,433,NA,NA,NA,2,473.176,NA
89,"89_0",2024-12-11 12:59:59.995,"Fyke",2,"Goldfish","Carassius auratus","Goldfish","Morihana","Nonnative","No",1,NA,208,197,NA,NA,NA,NA,NA,NA
89,"89_0",2024-12-11 12:59:59.995,"Fyke",2,"Goldfish","Carassius auratus","Goldfish","Morihana","Nonnative","No",1,NA,146,84,NA,NA,NA,NA,NA,NA
89,"89_0",2024-12-11 12:59:59.995,"Fyke",2,"Goldfish","Carassius auratus","Goldfish","Morihana","Nonnative","No",1,NA,170,128,NA,NA,NA,NA,NA,NA
89,"89_0",2024-12-11 12:59:59.995,"Fyke",2,"Goldfish","Carassius auratus","Goldfish","Morihana","Nonnative","No",1,NA,161,119,NA,NA,NA,NA,NA,NA
89,"89_0",2024-12-11 12:59:59.995,"Fyke",2,"Goldfish","Carassius auratus","Goldfish","Morihana","Nonnative","No",1,NA,140,67,NA,NA,NA,NA,NA,NA
89,"89_0",2024-12-11 12:59:59.995,"Fyke",2,"Goldfish","Carassius auratus","Goldfish","Morihana","Nonnative","No",1,NA,137,65,NA,NA,NA,NA,NA,NA
89,"89_0",2024-12-11 12:59:59.995,"Fyke",2,"Goldfish","Carassius auratus","Goldfish","Morihana","Nonnative","No",1,NA,80,10,NA,NA,NA,NA,NA,NA
89,"89_0",2024-12-11 12:59:59.995,"Fyke",2,"Goldfish","Carassius auratus","Goldfish","Morihana","Nonnative","No",1,NA,81,13,NA,NA,NA,NA,NA,NA
89,"89_0",2024-12-11 12:59:59.995,"Fyke",2,"Goldfish","Carassius auratus","Goldfish","Morihana","Nonnative","No",1,NA,52,4,NA,NA,NA,NA,NA,NA
89,"89_0",2024-12-11 12:59:59.995,"Fyke",2,"Goldfish","Carassius auratus","Goldfish","Morihana","Nonnative","No",1,NA,30,4,NA,NA,NA,NA,NA,NA
89,"89_0",2024-12-11 12:59:59.995,"Fyke",2,"Goldfish","Carassius auratus","Goldfish","Morihana","Nonnative","No",1,NA,55,5,NA,NA,NA,NA,NA,NA
89,"89_0",2024-12-11 12:59:59.995,"Fyke",2,"Goldfish","Carassius auratus","Goldfish","Morihana","Nonnative","No",1,NA,39,1,NA,NA,NA,NA,NA,NA
89,"89_0",2024-12-11 12:59:59.995,"Fyke",2,"Goldfish","Carassius auratus","Goldfish","Morihana","Nonnative","No",1,NA,45,2,NA,NA,NA,NA,NA,NA
89,"89_0",2024-12-11 12:59:59.995,"Fyke",2,"Goldfish","Carassius auratus","Goldfish","Morihana","Nonnative","No",1,NA,49,4,NA,NA,NA,NA,NA,NA
89,"89_0",2024-12-11 12:59:59.995,"Fyke",2,"Goldfish","Carassius auratus","Goldfish","Morihana","Nonnative","No",1,NA,55,6,NA,NA,NA,NA,NA,NA
89,"89_0",2024-12-11 12:59:59.995,"Fyke",2,"Goldfish","Carassius auratus","Goldfish","Morihana","Nonnative","No",1,NA,43,1,NA,NA,NA,NA,NA,NA
89,"89_0",2024-12-11 12:59:59.995,"Fyke",2,"Goldfish","Carassius auratus","Goldfish","Morihana","Nonnative","No",1,NA,50,4,NA,NA,NA,NA,NA,NA
89,"89_0",2024-12-11 12:59:59.995,"Fyke",2,"Goldfish","Carassius auratus","Goldfish","Morihana","Nonnative","No",1,NA,39,1,NA,NA,NA,NA,NA,NA
89,"89_0",2024-12-11 12:59:59.995,"Fyke",2,"Bullies","Gobiomorphus cotidianus","Common_bully","Toitoi","Native","No",NA,NA,NA,243,NA,NA,NA,1.25,295.735,NA
90,"90_0",2024-12-11 14:00:00,"Box",2,"Bullies","Gobiomorphus cotidianus","Common_bully","Toitoi","Native","No",NA,NA,NA,33,NA,NA,NA,NA,NA,NA
90,"90_0",2024-12-11 14:00:00,"Fyke",2,"Goldfish","Carassius auratus","Goldfish","Morihana","Nonnative","No",1,NA,139,58,NA,NA,NA,NA,NA,NA
90,"90_0",2024-12-11 14:00:00,"Fyke",2,"Goldfish","Carassius auratus","Goldfish","Morihana","Nonnative","No",1,NA,200,220,NA,NA,NA,NA,NA,NA
90,"90_0",2024-12-11 14:00:00,"Fyke",2,"Goldfish","Carassius auratus","Goldfish","Morihana","Nonnative","No",1,NA,165,114,NA,NA,NA,NA,NA,NA
90,"90_0",2024-12-11 14:00:00,"Fyke",2,"Goldfish","Carassius auratus","Goldfish","Morihana","Nonnative","No",1,NA,169,159,NA,NA,NA,NA,NA,NA
90,"90_0",2024-12-11 14:00:00,"Fyke",2,"Goldfish","Carassius auratus","Goldfish","Morihana","Nonnative","No",1,NA,160,109,NA,NA,NA,NA,NA,NA
90,"90_0",2024-12-11 14:00:00,"Fyke",2,"Goldfish","Carassius auratus","Goldfish","Morihana","Nonnative","No",1,NA,202,222,NA,NA,NA,NA,NA,NA
90,"90_0",2024-12-11 14:00:00,"Fyke",2,"Goldfish","Carassius auratus","Goldfish","Morihana","Nonnative","No",1,NA,160,97,NA,NA,NA,NA,NA,NA
90,"90_0",2024-12-11 14:00:00,"Fyke",2,"Goldfish","Carassius auratus","Goldfish","Morihana","Nonnative","No",1,NA,175,156,NA,NA,NA,NA,NA,NA
90,"90_0",2024-12-11 14:00:00,"Fyke",2,"Goldfish","Carassius auratus","Goldfish","Morihana","Nonnative","No",1,NA,190,175,NA,NA,NA,NA,NA,NA
90,"90_0",2024-12-11 14:00:00,"Fyke",2,"Goldfish","Carassius auratus","Goldfish","Morihana","Nonnative","No",1,NA,175,159,NA,NA,NA,NA,NA,NA
90,"90_0",2024-12-11 14:00:00,"Fyke",2,"Goldfish","Carassius auratus","Goldfish","Morihana","Nonnative","No",1,NA,164,124,NA,NA,NA,NA,NA,NA
90,"90_0",2024-12-11 14:00:00,"Fyke",2,"Goldfish","Carassius auratus","Goldfish","Morihana","Nonnative","No",1,NA,210,244,NA,NA,NA,NA,NA,NA
90,"90_0",2024-12-11 14:00:00,"Fyke",2,"Goldfish","Carassius auratus","Goldfish","Morihana","Nonnative","No",1,NA,200,215,NA,NA,NA,NA,NA,NA
90,"90_0",2024-12-11 14:00:00,"Fyke",2,"Goldfish","Carassius auratus","Goldfish","Morihana","Nonnative","No",1,NA,185,167,NA,NA,NA,NA,NA,NA
90,"90_0",2024-12-11 14:00:00,"Fyke",2,"Goldfish","Carassius auratus","Goldfish","Morihana","Nonnative","No",1,NA,182,160,NA,NA,NA,NA,NA,NA
90,"90_0",2024-12-11 14:00:00,"Fyke",2,"Goldfish","Carassius auratus","Goldfish","Morihana","Nonnative","No",1,NA,167,117,NA,NA,NA,NA,NA,NA
90,"90_0",2024-12-11 14:00:00,"Fyke",2,"Goldfish","Carassius auratus","Goldfish","Morihana","Nonnative","No",1,NA,155,88,NA,NA,NA,NA,NA,NA
90,"90_0",2024-12-11 14:00:00,"Fyke",2,"Goldfish","Carassius auratus","Goldfish","Morihana","Nonnative","No",1,NA,163,100,NA,NA,NA,NA,NA,"Orange"
90,"90_0",2024-12-11 14:00:00,"Fyke",2,"Goldfish","Carassius auratus","Goldfish","Morihana","Nonnative","No",1,NA,152,84,NA,NA,NA,NA,NA,NA
90,"90_0",2024-12-11 14:00:00,"Fyke",2,"Goldfish","Carassius auratus","Goldfish","Morihana","Nonnative","No",1,NA,191,219,NA,NA,NA,NA,NA,NA
90,"90_0",2024-12-11 14:00:00,"Fyke",2,"Goldfish","Carassius auratus","Goldfish","Morihana","Nonnative","No",1,NA,195,202,NA,NA,NA,NA,NA,NA
90,"90_0",2024-12-11 14:00:00,"Fyke",2,"Goldfish","Carassius auratus","Goldfish","Morihana","Nonnative","No",1,NA,195,197,NA,NA,NA,NA,NA,NA
90,"90_0",2024-12-11 14:00:00,"Fyke",2,"Goldfish","Carassius auratus","Goldfish","Morihana","Nonnative","No",1,NA,152,49,NA,NA,NA,NA,NA,NA
90,"90_0",2024-12-11 14:00:00,"Fyke",2,"Goldfish","Carassius auratus","Goldfish","Morihana","Nonnative","No",1,NA,160,128,NA,NA,NA,NA,NA,NA
90,"90_0",2024-12-11 14:00:00,"Fyke",2,"Goldfish","Carassius auratus","Goldfish","Morihana","Nonnative","No",1,NA,176,119,NA,NA,NA,NA,NA,NA
90,"90_0",2024-12-11 14:00:00,"Fyke",2,"Goldfish","Carassius auratus","Goldfish","Morihana","Nonnative","No",1,NA,166,93,NA,NA,NA,NA,NA,NA
90,"90_0",2024-12-11 14:00:00,"Fyke",2,"Goldfish","Carassius auratus","Goldfish","Morihana","Nonnative","No",1,NA,132,61,NA,NA,NA,NA,NA,NA
90,"90_0",2024-12-11 14:00:00,"Fyke",2,"Goldfish","Carassius auratus","Goldfish","Morihana","Nonnative","No",1,NA,171,127,NA,NA,NA,NA,NA,NA
90,"90_0",2024-12-11 14:00:00,"Fyke",2,"Goldfish","Carassius auratus","Goldfish","Morihana","Nonnative","No",1,NA,181,150,NA,NA,NA,NA,NA,NA
90,"90_0",2024-12-11 14:00:00,"Fyke",2,"Goldfish","Carassius auratus","Goldfish","Morihana","Nonnative","No",1,NA,199,195,NA,NA,NA,NA,NA,NA
90,"90_0",2024-12-11 14:00:00,"Fyke",2,"Goldfish","Carassius auratus","Goldfish","Morihana","Nonnative","No",1,NA,182,144,NA,NA,NA,NA,NA,"Orange"
90,"90_0",2024-12-11 14:00:00,"Fyke",2,"Goldfish","Carassius auratus","Goldfish","Morihana","Nonnative","No",1,NA,133,155,NA,NA,NA,NA,NA,NA
90,"90_0",2024-12-11 14:00:00,"Fyke",2,"Goldfish","Carassius auratus","Goldfish","Morihana","Nonnative","No",1,NA,166,127,NA,NA,NA,NA,NA,NA
90,"90_0",2024-12-11 14:00:00,"Fyke",2,"Goldfish","Carassius auratus","Goldfish","Morihana","Nonnative","No",1,NA,150,84,NA,NA,NA,NA,NA,NA
90,"90_0",2024-12-11 14:00:00,"Fyke",2,"Goldfish","Carassius auratus","Goldfish","Morihana","Nonnative","No",1,NA,170,150,NA,NA,NA,NA,NA,NA
90,"90_0",2024-12-11 14:00:00,"Fyke",2,"Goldfish","Carassius auratus","Goldfish","Morihana","Nonnative","No",1,NA,129,49,NA,NA,NA,NA,NA,NA
90,"90_0",2024-12-11 14:00:00,"Fyke",2,"Goldfish","Carassius auratus","Goldfish","Morihana","Nonnative","No",1,NA,165,127,NA,NA,NA,NA,NA,NA
90,"90_0",2024-12-11 14:00:00,"Fyke",2,"Goldfish","Carassius auratus","Goldfish","Morihana","Nonnative","No",1,NA,160,115,NA,NA,NA,NA,NA,NA
90,"90_0",2024-12-11 14:00:00,"Fyke",2,"Goldfish","Carassius auratus","Goldfish","Morihana","Nonnative","No",1,NA,139,65,NA,NA,NA,NA,NA,NA
90,"90_0",2024-12-11 14:00:00,"Fyke",2,"Goldfish","Carassius auratus","Goldfish","Morihana","Nonnative","No",1,NA,149,NA,NA,NA,NA,NA,NA,NA
90,"90_0",2024-12-11 14:00:00,"Fyke",2,"Goldfish","Carassius auratus","Goldfish","Morihana","Nonnative","No",1,NA,162,119,NA,NA,NA,NA,NA,NA
90,"90_0",2024-12-11 14:00:00,"Fyke",2,"Goldfish","Carassius auratus","Goldfish","Morihana","Nonnative","No",1,NA,145,75,NA,NA,NA,NA,NA,NA
90,"90_0",2024-12-11 14:00:00,"Fyke",2,"Goldfish","Carassius auratus","Goldfish","Morihana","Nonnative","No",1,NA,188,172,NA,NA,NA,NA,NA,NA
90,"90_0",2024-12-11 14:00:00,"Fyke",2,"Goldfish","Carassius auratus","Goldfish","Morihana","Nonnative","No",16,NA,NA,822,NA,NA,NA,NA,NA,NA
90,"90_0",2024-12-11 14:00:00,"Fyke",2,"Goldfish","Carassius auratus","Goldfish","Morihana","Nonnative","No",22,NA,NA,125,NA,NA,NA,NA,NA,NA
90,"90_0",2024-12-11 14:00:00,"Fyke",2,"Bullies","Gobiomorphus cotidianus","Common_bully","Toitoi","Native","No",NA,NA,NA,521,NA,NA,NA,2,473.176,NA
90,"90_0",2024-12-11 14:00:00,"Fyke",2,"Bullies","Gobiomorphus cotidianus","Common_bully","Toitoi","Native","No",NA,NA,NA,590,NA,NA,NA,2.33,551.25004,NA
91,"91_0",2024-12-12 12:00:00,"Box",2,"Bullies","Gobiomorphus cotidianus","Common_bully","Toitoi","Native","No",NA,NA,NA,76,NA,NA,NA,0.5,118.294,NA
91,"91_0",2024-12-12 12:00:00,"Fyke",2,"Common_smelt","Retropinna retropinna","Common_smelt","Common_smelt","Native","No",100,NA,NA,115,NA,NA,NA,0.5,118.294,"Counted"
91,"91_0",2024-12-12 12:00:00,"Fyke",2,"Common_smelt","Retropinna retropinna","Common_smelt","Common_smelt","Native","No",NA,NA,NA,207,NA,NA,NA,1,236.588,NA
91,"91_0",2024-12-12 12:00:00,"Fyke",2,"Goldfish","Carassius auratus","Goldfish","Morihana","Nonnative","No",1,NA,68,7,NA,NA,NA,NA,NA,NA
91,"91_0",2024-12-12 12:00:00,"Fyke",2,"Goldfish","Carassius auratus","Goldfish","Morihana","Nonnative","No",1,NA,65,4,NA,NA,NA,NA,NA,NA
91,"91_0",2024-12-12 12:00:00,"Fyke",2,"Bullies","Gobiomorphus cotidianus","Common_bully","Toitoi","Native","No",NA,NA,NA,549,NA,NA,NA,2.5,591.47,NA
91,"91_0",2024-12-12 12:00:00,"Fyke",2,"Bullies","Gobiomorphus cotidianus","Common_bully","Toitoi","Native","No",NA,NA,NA,538,NA,NA,NA,2.5,591.47,NA
91,"91_0",2024-12-12 12:00:00,"Fyke",2,"Bullies","Gobiomorphus cotidianus","Common_bully","Toitoi","Native","No",NA,NA,NA,230,NA,NA,NA,1,236.588,NA
120,"120_0",2024-11-01 10:18:00,"Fyke",2,"Kōura","Paranephrops planifrons","Freshwater_crayfish","Kōura","Native","Yes",1,"M",25,12,NA,NA,NA,NA,NA,NA
96,"96_0",2024-12-12 11:45:00,"Fyke",2,"Kōura","Paranephrops planifrons","Freshwater_crayfish","Kōura","Native","Yes",1,"F",25,NA,NA,NA,NA,NA,NA,NA
105,"105_0",2024-11-07 12:59:59.995,"Fyke",2,"Kōura","Paranephrops planifrons","Freshwater_crayfish","Kōura","Native","Yes",1,"F",25,NA,NA,NA,NA,NA,NA,NA
106,"106_0",2024-11-07 10:30:00,"Fyke",2,"Kōura","Paranephrops planifrons","Freshwater_crayfish","Kōura","Native","Yes",1,"F",25,NA,NA,NA,NA,NA,NA,NA
75,"75_0",2025-01-16 10:25:00,"Fyke",2,"Kōura","Paranephrops planifrons","Freshwater_crayfish","Kōura","Native","Yes",1,"F",24.66,17,NA,NA,NA,NA,NA,NA
77,"77_0",2025-01-17 12:30:00,"Fyke",2,"Kōura","Paranephrops planifrons","Freshwater_crayfish","Kōura","Native","Yes",1,"F",24.37,7,NA,NA,NA,NA,NA,NA
66,"66_0",2025-02-21 12:20:00,"Fyke",2,"Kōura","Paranephrops planifrons","Freshwater_crayfish","Kōura","Native","Yes",1,"M",24.31,10,1,NA,NA,NA,NA,NA
92,"92_0",2024-12-12 10:57:59.995,"Box",2,"Bullies","Gobiomorphus cotidianus","Common_bully","Toitoi","Native","No",33,NA,NA,24,NA,NA,NA,NA,NA,NA
92,"92_0",2024-12-12 10:57:59.995,"Fyke",2,"Goldfish","Carassius auratus","Goldfish","Morihana","Nonnative","No",1,NA,54,3,NA,NA,NA,NA,NA,NA
92,"92_0",2024-12-12 10:57:59.995,"Fyke",2,"Goldfish","Carassius auratus","Goldfish","Morihana","Nonnative","No",1,NA,175,125,NA,NA,NA,NA,NA,NA
92,"92_0",2024-12-12 10:57:59.995,"Fyke",2,"Goldfish","Carassius auratus","Goldfish","Morihana","Nonnative","No",1,NA,166,103,NA,NA,NA,NA,NA,NA
92,"92_0",2024-12-12 10:57:59.995,"Fyke",2,"Goldfish","Carassius auratus","Goldfish","Morihana","Nonnative","No",1,NA,168,110,NA,NA,NA,NA,NA,NA
92,"92_0",2024-12-12 10:57:59.995,"Fyke",2,"Goldfish","Carassius auratus","Goldfish","Morihana","Nonnative","No",1,NA,174,126,NA,NA,NA,NA,NA,NA
92,"92_0",2024-12-12 10:57:59.995,"Fyke",2,"Goldfish","Carassius auratus","Goldfish","Morihana","Nonnative","No",1,NA,173,123,NA,NA,NA,NA,NA,NA
92,"92_0",2024-12-12 10:57:59.995,"Fyke",2,"Goldfish","Carassius auratus","Goldfish","Morihana","Nonnative","No",1,NA,150,86,NA,NA,NA,NA,NA,NA
92,"92_0",2024-12-12 10:57:59.995,"Fyke",2,"Goldfish","Carassius auratus","Goldfish","Morihana","Nonnative","No",1,NA,69,8,NA,NA,NA,NA,NA,NA
92,"92_0",2024-12-12 10:57:59.995,"Fyke",2,"Goldfish","Carassius auratus","Goldfish","Morihana","Nonnative","No",1,NA,144,68,NA,NA,NA,NA,NA,NA
92,"92_0",2024-12-12 10:57:59.995,"Fyke",2,"Goldfish","Carassius auratus","Goldfish","Morihana","Nonnative","No",1,NA,163,96,NA,NA,NA,NA,NA,NA
92,"92_0",2024-12-12 10:57:59.995,"Fyke",2,"Goldfish","Carassius auratus","Goldfish","Morihana","Nonnative","No",1,NA,185,159,NA,NA,NA,NA,NA,NA
92,"92_0",2024-12-12 10:57:59.995,"Fyke",2,"Goldfish","Carassius auratus","Goldfish","Morihana","Nonnative","No",1,NA,134,60,NA,NA,NA,NA,NA,NA
92,"92_0",2024-12-12 10:57:59.995,"Fyke",2,"Goldfish","Carassius auratus","Goldfish","Morihana","Nonnative","No",1,NA,142,55,NA,NA,NA,NA,NA,NA
92,"92_0",2024-12-12 10:57:59.995,"Fyke",2,"Goldfish","Carassius auratus","Goldfish","Morihana","Nonnative","No",1,NA,141,75,NA,NA,NA,NA,NA,NA
92,"92_0",2024-12-12 10:57:59.995,"Fyke",2,"Goldfish","Carassius auratus","Goldfish","Morihana","Nonnative","No",1,NA,52,3,NA,NA,NA,NA,NA,NA
92,"92_0",2024-12-12 10:57:59.995,"Fyke",2,"Goldfish","Carassius auratus","Goldfish","Morihana","Nonnative","No",1,NA,140,66,NA,NA,NA,NA,NA,NA
92,"92_0",2024-12-12 10:57:59.995,"Fyke",2,"Goldfish","Carassius auratus","Goldfish","Morihana","Nonnative","No",1,NA,74,8,NA,NA,NA,NA,NA,NA
92,"92_0",2024-12-12 10:57:59.995,"Fyke",2,"Goldfish","Carassius auratus","Goldfish","Morihana","Nonnative","No",1,NA,102,27,NA,NA,NA,NA,NA,NA
92,"92_0",2024-12-12 10:57:59.995,"Fyke",2,"Goldfish","Carassius auratus","Goldfish","Morihana","Nonnative","No",1,NA,61,5,NA,NA,NA,NA,NA,NA
92,"92_0",2024-12-12 10:57:59.995,"Fyke",2,"Goldfish","Carassius auratus","Goldfish","Morihana","Nonnative","No",1,NA,51,3,NA,NA,NA,NA,NA,NA
92,"92_0",2024-12-12 10:57:59.995,"Fyke",2,"Goldfish","Carassius auratus","Goldfish","Morihana","Nonnative","No",1,NA,68,8,NA,NA,NA,NA,NA,NA
92,"92_0",2024-12-12 10:57:59.995,"Fyke",2,"Goldfish","Carassius auratus","Goldfish","Morihana","Nonnative","No",1,NA,45,1,NA,NA,NA,NA,NA,NA
92,"92_0",2024-12-12 10:57:59.995,"Fyke",2,"Goldfish","Carassius auratus","Goldfish","Morihana","Nonnative","No",1,NA,55,1,NA,NA,NA,NA,NA,NA
92,"92_0",2024-12-12 10:57:59.995,"Fyke",2,"Goldfish","Carassius auratus","Goldfish","Morihana","Nonnative","No",1,NA,51,1,NA,NA,NA,NA,NA,NA
92,"92_0",2024-12-12 10:57:59.995,"Fyke",2,"Goldfish","Carassius auratus","Goldfish","Morihana","Nonnative","No",1,NA,50,1,NA,NA,NA,NA,NA,NA
92,"92_0",2024-12-12 10:57:59.995,"Fyke",2,"Goldfish","Carassius auratus","Goldfish","Morihana","Nonnative","No",1,NA,42,1,NA,NA,NA,NA,NA,NA
92,"92_0",2024-12-12 10:57:59.995,"Fyke",2,"Bullies","Gobiomorphus cotidianus","Common_bully","Toitoi","Native","No",NA,NA,NA,392,NA,NA,NA,2,473.176,NA
92,"92_0",2024-12-12 10:57:59.995,"Fyke",2,"Bullies","Gobiomorphus cotidianus","Common_bully","Toitoi","Native","No",NA,NA,NA,118,NA,NA,NA,0.75,177.441,NA
93,"93_0",2024-12-11 11:10:00,"Box",2,"Bullies","Gobiomorphus cotidianus","Common_bully","Toitoi","Native","No",NA,NA,NA,37,NA,NA,NA,NA,NA,NA
93,"93_0",2024-12-11 11:10:00,"Fyke",2,"Goldfish","Carassius auratus","Goldfish","Morihana","Nonnative","No",1,NA,145,70,NA,NA,NA,NA,NA,NA
93,"93_0",2024-12-11 11:10:00,"Fyke",2,"Goldfish","Carassius auratus","Goldfish","Morihana","Nonnative","No",1,NA,200,202,NA,NA,NA,NA,NA,NA
93,"93_0",2024-12-11 11:10:00,"Fyke",2,"Goldfish","Carassius auratus","Goldfish","Morihana","Nonnative","No",1,NA,222,276,NA,NA,NA,NA,NA,NA
93,"93_0",2024-12-11 11:10:00,"Fyke",2,"Goldfish","Carassius auratus","Goldfish","Morihana","Nonnative","No",1,NA,170,134,NA,NA,NA,NA,NA,NA
93,"93_0",2024-12-11 11:10:00,"Fyke",2,"Goldfish","Carassius auratus","Goldfish","Morihana","Nonnative","No",1,NA,166,107,NA,NA,NA,NA,NA,NA
93,"93_0",2024-12-11 11:10:00,"Fyke",2,"Goldfish","Carassius auratus","Goldfish","Morihana","Nonnative","No",1,NA,181,170,NA,NA,NA,NA,NA,NA
93,"93_0",2024-12-11 11:10:00,"Fyke",2,"Goldfish","Carassius auratus","Goldfish","Morihana","Nonnative","No",1,NA,203,231,NA,NA,NA,NA,NA,NA
93,"93_0",2024-12-11 11:10:00,"Fyke",2,"Goldfish","Carassius auratus","Goldfish","Morihana","Nonnative","No",1,NA,142,64,NA,NA,NA,NA,NA,NA
93,"93_0",2024-12-11 11:10:00,"Fyke",2,"Goldfish","Carassius auratus","Goldfish","Morihana","Nonnative","No",1,NA,191,170,NA,NA,NA,NA,NA,NA
93,"93_0",2024-12-11 11:10:00,"Fyke",2,"Goldfish","Carassius auratus","Goldfish","Morihana","Nonnative","No",1,NA,176,127,NA,NA,NA,NA,NA,NA
93,"93_0",2024-12-11 11:10:00,"Fyke",2,"Goldfish","Carassius auratus","Goldfish","Morihana","Nonnative","No",1,NA,190,172,NA,NA,NA,NA,NA,NA
93,"93_0",2024-12-11 11:10:00,"Fyke",2,"Goldfish","Carassius auratus","Goldfish","Morihana","Nonnative","No",1,NA,211,230,NA,NA,NA,NA,NA,NA
93,"93_0",2024-12-11 11:10:00,"Fyke",2,"Goldfish","Carassius auratus","Goldfish","Morihana","Nonnative","No",1,NA,192,172,NA,NA,NA,NA,NA,NA
93,"93_0",2024-12-11 11:10:00,"Fyke",2,"Goldfish","Carassius auratus","Goldfish","Morihana","Nonnative","No",1,NA,142,172,NA,NA,NA,NA,NA,NA
93,"93_0",2024-12-11 11:10:00,"Fyke",2,"Goldfish","Carassius auratus","Goldfish","Morihana","Nonnative","No",1,NA,176,135,NA,NA,NA,NA,NA,NA
93,"93_0",2024-12-11 11:10:00,"Fyke",2,"Goldfish","Carassius auratus","Goldfish","Morihana","Nonnative","No",1,NA,175,116,NA,NA,NA,NA,NA,NA
93,"93_0",2024-12-11 11:10:00,"Fyke",2,"Goldfish","Carassius auratus","Goldfish","Morihana","Nonnative","No",64,NA,NA,1912,NA,NA,NA,NA,NA,NA
93,"93_0",2024-12-11 11:10:00,"Fyke",2,"Bullies","Gobiomorphus cotidianus","Common_bully","Toitoi","Native","No",30,NA,NA,9,NA,NA,NA,NA,NA,NA
93,"93_0",2024-12-11 11:10:00,"Fyke",2,"Goldfish","Carassius auratus","Goldfish","Morihana","Nonnative","No",1,NA,180,145,NA,NA,NA,NA,NA,NA
93,"93_0",2024-12-11 11:10:00,"Fyke",2,"Goldfish","Carassius auratus","Goldfish","Morihana","Nonnative","No",1,NA,155,95,NA,NA,NA,NA,NA,NA
93,"93_0",2024-12-11 11:10:00,"Fyke",2,"Goldfish","Carassius auratus","Goldfish","Morihana","Nonnative","No",1,NA,152,61,NA,NA,NA,NA,NA,NA
93,"93_0",2024-12-11 11:10:00,"Fyke",2,"Goldfish","Carassius auratus","Goldfish","Morihana","Nonnative","No",1,NA,150,73,NA,NA,NA,NA,NA,NA
93,"93_0",2024-12-11 11:10:00,"Fyke",2,"Goldfish","Carassius auratus","Goldfish","Morihana","Nonnative","No",1,NA,135,54,NA,NA,NA,NA,NA,NA
93,"93_0",2024-12-11 11:10:00,"Fyke",2,"Goldfish","Carassius auratus","Goldfish","Morihana","Nonnative","No",1,NA,130,57,NA,NA,NA,NA,NA,NA
93,"93_0",2024-12-11 11:10:00,"Fyke",2,"Goldfish","Carassius auratus","Goldfish","Morihana","Nonnative","No",1,NA,179,167,NA,NA,NA,NA,NA,NA
93,"93_0",2024-12-11 11:10:00,"Fyke",2,"Goldfish","Carassius auratus","Goldfish","Morihana","Nonnative","No",1,NA,159,96,NA,NA,NA,NA,NA,NA
93,"93_0",2024-12-11 11:10:00,"Fyke",2,"Goldfish","Carassius auratus","Goldfish","Morihana","Nonnative","No",1,NA,129,53,NA,NA,NA,NA,NA,NA
93,"93_0",2024-12-11 11:10:00,"Fyke",2,"Goldfish","Carassius auratus","Goldfish","Morihana","Nonnative","No",1,NA,143,68,NA,NA,NA,NA,NA,NA
93,"93_0",2024-12-11 11:10:00,"Fyke",2,"Goldfish","Carassius auratus","Goldfish","Morihana","Nonnative","No",1,NA,125,47,NA,NA,NA,NA,NA,NA
93,"93_0",2024-12-11 11:10:00,"Fyke",2,"Goldfish","Carassius auratus","Goldfish","Morihana","Nonnative","No",1,NA,135,61,NA,NA,NA,NA,NA,NA
93,"93_0",2024-12-11 11:10:00,"Fyke",2,"Goldfish","Carassius auratus","Goldfish","Morihana","Nonnative","No",1,NA,131,48,NA,NA,NA,NA,NA,NA
93,"93_0",2024-12-11 11:10:00,"Fyke",2,"Goldfish","Carassius auratus","Goldfish","Morihana","Nonnative","No",1,NA,104,25,NA,NA,NA,NA,NA,NA
93,"93_0",2024-12-11 11:10:00,"Fyke",2,"Goldfish","Carassius auratus","Goldfish","Morihana","Nonnative","No",1,NA,101,20,NA,NA,NA,NA,NA,NA
93,"93_0",2024-12-11 11:10:00,"Fyke",2,"Goldfish","Carassius auratus","Goldfish","Morihana","Nonnative","No",1,NA,57,2,NA,NA,NA,NA,NA,NA
93,"93_0",2024-12-11 11:10:00,"Fyke",2,"Goldfish","Carassius auratus","Goldfish","Morihana","Nonnative","No",1,NA,70,9,NA,NA,NA,NA,NA,NA
93,"93_0",2024-12-11 11:10:00,"Fyke",2,"Goldfish","Carassius auratus","Goldfish","Morihana","Nonnative","No",1,NA,65,12,NA,NA,NA,NA,NA,NA
93,"93_0",2024-12-11 11:10:00,"Fyke",2,"Goldfish","Carassius auratus","Goldfish","Morihana","Nonnative","No",1,NA,70,6,NA,NA,NA,NA,NA,NA
93,"93_0",2024-12-11 11:10:00,"Fyke",2,"Goldfish","Carassius auratus","Goldfish","Morihana","Nonnative","No",1,NA,59,6,NA,NA,NA,NA,NA,NA
93,"93_0",2024-12-11 11:10:00,"Fyke",2,"Bullies","Gobiomorphus cotidianus","Common_bully","Toitoi","Native","No",NA,NA,NA,98,NA,NA,NA,0.6,141.9528,NA
94,"94_0",2024-12-12 13:30:00,"Box",2,"Bullies","Gobiomorphus cotidianus","Common_bully","Toitoi","Native","No",NA,NA,NA,27,NA,NA,NA,NA,NA,NA
94,"94_0",2024-12-12 13:30:00,"Fyke",2,"Goldfish","Carassius auratus","Goldfish","Morihana","Nonnative","No",1,NA,205,228,NA,NA,NA,NA,NA,NA
94,"94_0",2024-12-12 13:30:00,"Fyke",2,"Goldfish","Carassius auratus","Goldfish","Morihana","Nonnative","No",1,NA,169,114,NA,NA,NA,NA,NA,NA
94,"94_0",2024-12-12 13:30:00,"Fyke",2,"Goldfish","Carassius auratus","Goldfish","Morihana","Nonnative","No",1,NA,156,100,NA,NA,NA,NA,NA,NA
94,"94_0",2024-12-12 13:30:00,"Fyke",2,"Goldfish","Carassius auratus","Goldfish","Morihana","Nonnative","No",1,NA,165,110,NA,NA,NA,NA,NA,NA
94,"94_0",2024-12-12 13:30:00,"Fyke",2,"Goldfish","Carassius auratus","Goldfish","Morihana","Nonnative","No",1,NA,137,67,NA,NA,NA,NA,NA,NA
94,"94_0",2024-12-12 13:30:00,"Fyke",2,"Goldfish","Carassius auratus","Goldfish","Morihana","Nonnative","No",1,NA,140,46,NA,NA,NA,NA,NA,NA
94,"94_0",2024-12-12 13:30:00,"Fyke",2,"Goldfish","Carassius auratus","Goldfish","Morihana","Nonnative","No",1,NA,185,142,NA,NA,NA,NA,NA,NA
94,"94_0",2024-12-12 13:30:00,"Fyke",2,"Goldfish","Carassius auratus","Goldfish","Morihana","Nonnative","No",1,NA,125,41,NA,NA,NA,NA,NA,NA
94,"94_0",2024-12-12 13:30:00,"Fyke",2,"Goldfish","Carassius auratus","Goldfish","Morihana","Nonnative","No",1,NA,121,42,NA,NA,NA,NA,NA,NA
94,"94_0",2024-12-12 13:30:00,"Fyke",2,"Goldfish","Carassius auratus","Goldfish","Morihana","Nonnative","No",1,NA,124,44,NA,NA,NA,NA,NA,NA
94,"94_0",2024-12-12 13:30:00,"Fyke",2,"Goldfish","Carassius auratus","Goldfish","Morihana","Nonnative","No",1,NA,55,4,NA,NA,NA,NA,NA,NA
94,"94_0",2024-12-12 13:30:00,"Fyke",2,"Goldfish","Carassius auratus","Goldfish","Morihana","Nonnative","No",1,NA,150,33,NA,NA,NA,NA,NA,NA
94,"94_0",2024-12-12 13:30:00,"Fyke",2,"Goldfish","Carassius auratus","Goldfish","Morihana","Nonnative","No",1,NA,124,53,NA,NA,NA,NA,NA,NA
94,"94_0",2024-12-12 13:30:00,"Fyke",2,"Goldfish","Carassius auratus","Goldfish","Morihana","Nonnative","No",1,NA,69,7,NA,NA,NA,NA,NA,NA
94,"94_0",2024-12-12 13:30:00,"Fyke",2,"Goldfish","Carassius auratus","Goldfish","Morihana","Nonnative","No",1,NA,55,4,NA,NA,NA,NA,NA,NA
94,"94_0",2024-12-12 13:30:00,"Fyke",2,"Bullies","Gobiomorphus cotidianus","Common_bully","Toitoi","Native","No",NA,NA,NA,70,NA,NA,NA,0.5,118.294,NA
113,"113_0",2025-01-23 09:17:59.995,"Box",2,"Kōura","Paranephrops planifrons","Freshwater_crayfish","Kōura","Native","Yes",1,"F",24.07,10,NA,NA,NA,NA,NA,NA
115,"115_0",2024-11-01 14:10:00,"Box",2,"Kōura","Paranephrops planifrons","Freshwater_crayfish","Kōura","Native","Yes",1,"F",24,12,NA,NA,NA,NA,NA,NA
95,"95_0",2024-12-12 12:30:00,"Box",2,"Bullies","Gobiomorphus cotidianus","Common_bully","Toitoi","Native","No",NA,NA,NA,45,NA,NA,NA,0.25,59.147,NA
117,"117_0",2024-11-01 12:30:00,"Box",2,"Kōura","Paranephrops planifrons","Freshwater_crayfish","Kōura","Native","Yes",1,"F",24,9,NA,NA,1,NA,NA,NA
95,"95_0",2024-12-12 12:30:00,"Fyke",2,"Bullies","Gobiomorphus cotidianus","Common_bully","Toitoi","Native","No",NA,NA,NA,249,NA,NA,NA,1.25,295.735,NA
95,"95_0",2024-12-12 12:30:00,"Fyke",2,"Common_smelt","Retropinna retropinna","Common_smelt","Common_smelt","Native","No",5,NA,NA,NA,NA,NA,NA,NA,NA,NA
95,"95_0",2024-12-12 12:30:00,"Fyke",2,"Goldfish","Carassius auratus","Goldfish","Morihana","Nonnative","No",1,NA,64,8,NA,NA,NA,NA,NA,NA
95,"95_0",2024-12-12 12:30:00,"Fyke",2,"Goldfish","Carassius auratus","Goldfish","Morihana","Nonnative","No",1,NA,64,8,NA,NA,NA,NA,NA,NA
95,"95_0",2024-12-12 12:30:00,"Fyke",2,"Goldfish","Carassius auratus","Goldfish","Morihana","Nonnative","No",1,NA,45,1,NA,NA,NA,NA,NA,NA
95,"95_0",2024-12-12 12:30:00,"Fyke",2,"Bullies","Gobiomorphus cotidianus","Common_bully","Toitoi","Native","No",NA,NA,NA,333,NA,NA,NA,1.75,414.029,NA
117,"117_0",2024-11-01 12:30:00,"Fyke",2,"Kōura","Paranephrops planifrons","Freshwater_crayfish","Kōura","Native","Yes",1,"M",24,8,NA,NA,NA,NA,NA,NA
96,"96_0",2024-12-12 11:45:00,"Box",1,"Bullies","Gobiomorphus cotidianus","Common_bully","Toitoi","Native","No",NA,NA,NA,69,NA,NA,NA,0.33,78.07404,NA
97,"97_0",2024-11-07 12:34:59.99,"Fyke",2,"Kōura","Paranephrops planifrons","Freshwater_crayfish","Kōura","Native","Yes",1,"M",24,NA,NA,NA,NA,NA,NA,NA
97,"97_0",2024-11-07 12:34:59.99,"Fyke",2,"Kōura","Paranephrops planifrons","Freshwater_crayfish","Kōura","Native","Yes",1,"M",24,NA,NA,NA,NA,NA,NA,NA
97,"97_0",2024-11-07 12:34:59.995,"Box",2,"Kōura","Paranephrops planifrons","Freshwater_crayfish","Kōura","Native","Yes",1,"M",24,NA,NA,NA,NA,NA,NA,NA
77,"77_0",2025-01-17 12:30:00,"Box",2,"Kōura","Paranephrops planifrons","Freshwater_crayfish","Kōura","Native","Yes",1,"M",23.93,4,1,NA,NA,NA,NA,NA
73,"73_0",2025-01-17 11:29:59.995,"Fyke",2,"Kōura","Paranephrops planifrons","Freshwater_crayfish","Kōura","Native","Yes",1,"M",23.86,8,NA,NA,NA,NA,NA,NA
75,"75_0",2025-01-16 10:25:00,"Fyke",2,"Kōura","Paranephrops planifrons","Freshwater_crayfish","Kōura","Native","Yes",1,"M",23.8,11,NA,NA,NA,NA,NA,NA
113,"113_0",2025-01-23 09:17:59.995,"Box",2,"Kōura","Paranephrops planifrons","Freshwater_crayfish","Kōura","Native","Yes",1,"M",23.74,8,NA,NA,NA,NA,NA,NA
73,"73_0",2025-01-17 11:29:59.995,"Fyke",2,"Kōura","Paranephrops planifrons","Freshwater_crayfish","Kōura","Native","Yes",1,"F",23.65,7,NA,NA,NA,NA,NA,NA
77,"77_0",2025-01-17 12:30:00,"Fyke",2,"Kōura","Paranephrops planifrons","Freshwater_crayfish","Kōura","Native","Yes",1,"F",23.6,9,NA,NA,NA,NA,NA,NA
98,"98_0",2024-11-07 13:30:00,"Fyke",2,"Kōura","Paranephrops planifrons","Freshwater_crayfish","Kōura","Native","Yes",1,"F",23.53,NA,NA,1,NA,NA,NA,NA
103,"103_0",2024-11-08 11:39:59.995,"Fyke",2,"Kōura","Paranephrops planifrons","Freshwater_crayfish","Kōura","Native","Yes",1,"M",23.49,9,NA,NA,NA,NA,NA,NA
77,"77_0",2025-01-17 12:30:00,"Box",2,"Kōura","Paranephrops planifrons","Freshwater_crayfish","Kōura","Native","Yes",1,"F",23.39,11,NA,NA,NA,NA,NA,NA
108,"108_0",2024-11-08 11:00:00,"Fyke",2,"Kōura","Paranephrops planifrons","Freshwater_crayfish","Kōura","Native","Yes",1,NA,22.85,9,NA,NA,NA,NA,NA,NA
76,"76_0",2025-01-16 08:22:00,"Box",2,"Kōura","Paranephrops planifrons","Freshwater_crayfish","Kōura","Native","Yes",1,"M",22.78,11,NA,NA,NA,NA,NA,NA
96,"96_0",2024-12-12 11:45:00,"Fyke",2,"Goldfish","Carassius auratus","Goldfish","Morihana","Nonnative","No",1,NA,142,66,NA,NA,NA,NA,NA,NA
96,"96_0",2024-12-12 11:45:00,"Fyke",2,"Goldfish","Carassius auratus","Goldfish","Morihana","Nonnative","No",1,NA,208,232,NA,NA,NA,NA,NA,NA
96,"96_0",2024-12-12 11:45:00,"Fyke",2,"Goldfish","Carassius auratus","Goldfish","Morihana","Nonnative","No",1,NA,191,192,NA,NA,NA,NA,NA,NA
96,"96_0",2024-12-12 11:45:00,"Fyke",2,"Goldfish","Carassius auratus","Goldfish","Morihana","Nonnative","No",1,NA,179,141,NA,NA,NA,NA,NA,NA
96,"96_0",2024-12-12 11:45:00,"Fyke",2,"Goldfish","Carassius auratus","Goldfish","Morihana","Nonnative","No",1,NA,195,216,NA,NA,NA,NA,NA,NA
96,"96_0",2024-12-12 11:45:00,"Fyke",2,"Goldfish","Carassius auratus","Goldfish","Morihana","Nonnative","No",1,NA,194,207,NA,NA,NA,NA,NA,NA
96,"96_0",2024-12-12 11:45:00,"Fyke",2,"Goldfish","Carassius auratus","Goldfish","Morihana","Nonnative","No",1,NA,195,209,NA,NA,NA,NA,NA,NA
96,"96_0",2024-12-12 11:45:00,"Fyke",2,"Goldfish","Carassius auratus","Goldfish","Morihana","Nonnative","No",1,NA,197,200,NA,NA,NA,NA,NA,NA
96,"96_0",2024-12-12 11:45:00,"Fyke",2,"Goldfish","Carassius auratus","Goldfish","Morihana","Nonnative","No",1,NA,145,71,NA,NA,NA,NA,NA,NA
96,"96_0",2024-12-12 11:45:00,"Fyke",2,"Goldfish","Carassius auratus","Goldfish","Morihana","Nonnative","No",1,NA,177,128,NA,NA,NA,NA,NA,NA
96,"96_0",2024-12-12 11:45:00,"Fyke",2,"Goldfish","Carassius auratus","Goldfish","Morihana","Nonnative","No",1,NA,164,108,NA,NA,NA,NA,NA,NA
96,"96_0",2024-12-12 11:45:00,"Fyke",2,"Goldfish","Carassius auratus","Goldfish","Morihana","Nonnative","No",1,NA,164,130,NA,NA,NA,NA,NA,NA
96,"96_0",2024-12-12 11:45:00,"Fyke",2,"Goldfish","Carassius auratus","Goldfish","Morihana","Nonnative","No",1,NA,165,119,NA,NA,NA,NA,NA,NA
96,"96_0",2024-12-12 11:45:00,"Fyke",2,"Goldfish","Carassius auratus","Goldfish","Morihana","Nonnative","No",1,NA,154,99,NA,NA,NA,NA,NA,NA
96,"96_0",2024-12-12 11:45:00,"Fyke",2,"Goldfish","Carassius auratus","Goldfish","Morihana","Nonnative","No",1,NA,180,160,NA,NA,NA,NA,NA,NA
96,"96_0",2024-12-12 11:45:00,"Fyke",2,"Goldfish","Carassius auratus","Goldfish","Morihana","Nonnative","No",1,NA,169,113,NA,NA,NA,NA,NA,NA
96,"96_0",2024-12-12 11:45:00,"Fyke",2,"Goldfish","Carassius auratus","Goldfish","Morihana","Nonnative","No",1,NA,172,141,NA,NA,NA,NA,NA,NA
96,"96_0",2024-12-12 11:45:00,"Fyke",2,"Goldfish","Carassius auratus","Goldfish","Morihana","Nonnative","No",1,NA,159,87,NA,NA,NA,NA,NA,NA
96,"96_0",2024-12-12 11:45:00,"Fyke",2,"Goldfish","Carassius auratus","Goldfish","Morihana","Nonnative","No",1,NA,65,3,NA,NA,NA,NA,NA,NA
96,"96_0",2024-12-12 11:45:00,"Fyke",2,"Goldfish","Carassius auratus","Goldfish","Morihana","Nonnative","No",1,NA,132,56,NA,NA,NA,NA,NA,NA
96,"96_0",2024-12-12 11:45:00,"Fyke",2,"Goldfish","Carassius auratus","Goldfish","Morihana","Nonnative","No",1,NA,132,57,NA,NA,NA,NA,NA,NA
96,"96_0",2024-12-12 11:45:00,"Fyke",2,"Goldfish","Carassius auratus","Goldfish","Morihana","Nonnative","No",1,NA,149,77,NA,NA,NA,NA,NA,NA
96,"96_0",2024-12-12 11:45:00,"Fyke",2,"Goldfish","Carassius auratus","Goldfish","Morihana","Nonnative","No",1,NA,84,17,NA,NA,NA,NA,NA,NA
96,"96_0",2024-12-12 11:45:00,"Fyke",2,"Goldfish","Carassius auratus","Goldfish","Morihana","Nonnative","No",1,NA,82,12,NA,NA,NA,NA,NA,NA
96,"96_0",2024-12-12 11:45:00,"Fyke",2,"Goldfish","Carassius auratus","Goldfish","Morihana","Nonnative","No",1,NA,82,8,NA,NA,NA,NA,NA,NA
96,"96_0",2024-12-12 11:45:00,"Fyke",2,"Bullies","Gobiomorphus cotidianus","Common_bully","Toitoi","Native","No",NA,NA,NA,517,NA,NA,NA,2.5,591.47,NA
96,"96_0",2024-12-12 11:45:00,"Fyke",2,"Bullies","Gobiomorphus cotidianus","Common_bully","Toitoi","Native","No",NA,NA,NA,577,NA,NA,NA,2.5,591.47,NA
96,"96_0",2024-12-12 11:45:00,"Fyke",2,"Bullies","Gobiomorphus cotidianus","Common_bully","Toitoi","Native","No",NA,NA,NA,544,NA,NA,NA,2.5,591.47,NA
96,"96_0",2024-12-12 11:45:00,"Fyke",2,"Bullies","Gobiomorphus cotidianus","Common_bully","Toitoi","Native","No",NA,NA,NA,567,NA,NA,NA,2.5,591.47,NA
96,"96_0",2024-12-12 11:45:00,"Fyke",2,"Bullies","Gobiomorphus cotidianus","Common_bully","Toitoi","Native","No",NA,NA,NA,602,NA,NA,NA,2.5,591.47,NA
96,"96_0",2024-12-12 11:45:00,"Fyke",2,"Bullies","Gobiomorphus cotidianus","Common_bully","Toitoi","Native","No",NA,NA,NA,467,NA,NA,NA,2,473.176,NA
96,"96_0",2024-12-12 11:45:00,"Fyke",2,"Goldfish","Carassius auratus","Goldfish","Morihana","Nonnative","No",1,NA,169,141,NA,NA,NA,NA,NA,NA
96,"96_0",2024-12-12 11:45:00,"Fyke",2,"Goldfish","Carassius auratus","Goldfish","Morihana","Nonnative","No",1,NA,173,142,NA,NA,NA,NA,NA,NA
96,"96_0",2024-12-12 11:45:00,"Fyke",2,"Goldfish","Carassius auratus","Goldfish","Morihana","Nonnative","No",1,NA,177,133,NA,NA,NA,NA,NA,NA
96,"96_0",2024-12-12 11:45:00,"Fyke",2,"Goldfish","Carassius auratus","Goldfish","Morihana","Nonnative","No",1,NA,174,121,NA,NA,NA,NA,NA,NA
96,"96_0",2024-12-12 11:45:00,"Fyke",2,"Goldfish","Carassius auratus","Goldfish","Morihana","Nonnative","No",1,NA,200,185,NA,NA,NA,NA,NA,NA
96,"96_0",2024-12-12 11:45:00,"Fyke",2,"Goldfish","Carassius auratus","Goldfish","Morihana","Nonnative","No",1,NA,65,7,NA,NA,NA,NA,NA,NA
96,"96_0",2024-12-12 11:45:00,"Fyke",2,"Goldfish","Carassius auratus","Goldfish","Morihana","Nonnative","No",1,NA,55,4,NA,NA,NA,NA,NA,NA
96,"96_0",2024-12-12 11:45:00,"Fyke",2,"Goldfish","Carassius auratus","Goldfish","Morihana","Nonnative","No",1,NA,130,57,NA,NA,NA,NA,NA,NA
77,"77_0",2025-01-17 12:30:00,"Fyke",2,"Kōura","Paranephrops planifrons","Freshwater_crayfish","Kōura","Native","Yes",1,"F",22.61,8,NA,NA,NA,NA,NA,NA
98,"98_0",2024-11-07 13:30:00,"Box",2,"Kōura","Paranephrops planifrons","Freshwater_crayfish","Kōura","Native","Yes",1,"M",22.44,NA,NA,NA,NA,NA,NA,NA
98,"98_0",2024-11-07 13:30:00,"Box",2,"Kōura","Paranephrops planifrons","Freshwater_crayfish","Kōura","Native","Yes",1,"M",22.23,NA,NA,NA,NA,NA,NA,NA
92,"92_0",2024-12-12 10:58:00,"Box",2,"Kōura","Paranephrops planifrons","Freshwater_crayfish","Kōura","Native","Yes",1,"F",22.09,26,1,NA,NA,NA,NA,NA
77,"77_0",2025-01-17 12:30:00,"Box",2,"Kōura","Paranephrops planifrons","Freshwater_crayfish","Kōura","Native","Yes",1,"F",22.02,7,NA,NA,NA,NA,NA,NA
73,"73_0",2025-01-17 11:29:59.995,"Fyke",2,"Kōura","Paranephrops planifrons","Freshwater_crayfish","Kōura","Native","Yes",1,"F",22.02,6,NA,NA,NA,NA,NA,NA
120,"120_0",2024-11-01 10:18:00,"Fyke",2,"Kōura","Paranephrops planifrons","Freshwater_crayfish","Kōura","Native","Yes",1,"F",22,15,NA,NA,NA,NA,NA,NA
109,"109_0",2024-11-01 12:59:59.995,"Box",2,"Kōura","Paranephrops planifrons","Freshwater_crayfish","Kōura","Native","Yes",1,"F",22,9,NA,NA,1,NA,NA,NA
109,"109_0",2024-11-01 13:00:00,"Fyke",2,"Kōura","Paranephrops planifrons","Freshwater_crayfish","Kōura","Native","Yes",1,"F",22,9,NA,NA,NA,NA,NA,NA
96,"96_0",2024-12-12 11:45:00,"Fyke",2,"Bullies","Gobiomorphus cotidianus","Common_bully","Toitoi","Native","No",NA,NA,NA,494,NA,NA,NA,2.5,591.47,NA
96,"96_0",2024-12-12 11:45:00,"Fyke",2,"Bullies","Gobiomorphus cotidianus","Common_bully","Toitoi","Native","No",NA,NA,NA,476,NA,NA,NA,2.5,591.47,NA
96,"96_0",2024-12-12 11:45:00,"Fyke",2,"Bullies","Gobiomorphus cotidianus","Common_bully","Toitoi","Native","No",NA,NA,NA,461,NA,NA,NA,2.5,591.47,NA
96,"96_0",2024-12-12 11:45:00,"Fyke",2,"Bullies","Gobiomorphus cotidianus","Common_bully","Toitoi","Native","No",NA,NA,NA,84,NA,NA,NA,0.5,118.294,NA
110,"110_0",2024-11-01 11:49:59.995,"Fyke",2,"Kōura","Paranephrops planifrons","Freshwater_crayfish","Kōura","Native","Yes",1,"M",22,6,NA,NA,NA,NA,NA,NA
73,"73_0",2025-01-17 11:30:00,"Box",2,"Bullies","Gobiomorphus cotidianus","Common_bully","Toitoi","Native","No",27,NA,NA,10,NA,NA,NA,NA,NA,NA
73,"73_0",2025-01-17 11:29:59.995,"Fyke",2,"Common_smelt","Retropinna retropinna","Common_smelt","Common_smelt","Native","No",40,NA,NA,30,NA,NA,NA,NA,NA,NA
73,"73_0",2025-01-17 11:29:59.995,"Fyke",2,"Bullies","Gobiomorphus cotidianus","Common_bully","Toitoi","Native","No",NA,NA,NA,526,NA,NA,NA,2.5,591.47,NA
73,"73_0",2025-01-17 11:29:59.995,"Fyke",2,"Bullies","Gobiomorphus cotidianus","Common_bully","Toitoi","Native","No",NA,NA,NA,382,NA,NA,NA,1.75,414.029,NA
73,"73_0",2025-01-17 11:29:59.995,"Fyke",2,"Common_smelt","Retropinna retropinna","Common_smelt","Common_smelt","Native","No",26,NA,NA,19,NA,NA,NA,NA,NA,NA
73,"73_0",2025-01-17 11:29:59.995,"Fyke",2,"Bullies","Gobiomorphus cotidianus","Common_bully","Toitoi","Native","No",NA,NA,NA,555,NA,NA,NA,2.5,591.47,NA
73,"73_0",2025-01-17 11:30:00,"Fyke",2,"Bullies","Gobiomorphus cotidianus","Common_bully","Toitoi","Native","No",NA,NA,NA,210,NA,NA,NA,1,236.588,NA
74,"74_0",2025-01-17 13:15:00,"Box",2,"Bullies","Gobiomorphus cotidianus","Common_bully","Toitoi","Native","No",9,NA,NA,8,NA,NA,NA,NA,NA,NA
74,"74_0",2025-01-17 13:15:00,"Fyke",2,"Goldfish","Carassius auratus","Goldfish","Morihana","Nonnative","No",1,NA,82,NA,NA,NA,NA,NA,NA,NA
74,"74_0",2025-01-17 13:15:00,"Fyke",2,"Goldfish","Carassius auratus","Goldfish","Morihana","Nonnative","No",1,NA,76,10,NA,NA,NA,NA,NA,NA
74,"74_0",2025-01-17 13:15:00,"Fyke",2,"Trout","Oncorhynchus mykiss","Rainbow_trout","Rainbow_trout","Nonnative","No",1,NA,94,12,NA,NA,NA,NA,NA,NA
74,"74_0",2025-01-17 13:15:00,"Fyke",2,"Common_smelt","Retropinna retropinna","Common_smelt","Common_smelt","Native","No",7,NA,NA,6,NA,NA,NA,NA,NA,NA
74,"74_0",2025-01-17 13:15:00,"Fyke",2,"Bullies","Gobiomorphus cotidianus","Common_bully","Toitoi","Native","No",NA,NA,NA,477,NA,NA,NA,2.5,591.47,NA
74,"74_0",2025-01-17 13:15:00,"Fyke",2,"Bullies","Gobiomorphus cotidianus","Common_bully","Toitoi","Native","No",NA,NA,NA,68,NA,NA,NA,0.25,59.147,NA
75,"75_0",2025-01-16 10:25:00,"Box",2,"Bullies","Gobiomorphus cotidianus","Common_bully","Toitoi","Native","No",12,NA,NA,4,NA,NA,NA,NA,NA,NA
75,"75_0",2025-01-16 10:25:00,"Fyke",2,"Bullies","Gobiomorphus cotidianus","Common_bully","Toitoi","Native","No",81,NA,NA,81,NA,NA,NA,NA,NA,NA
76,"76_0",2025-01-16 08:22:00,"Fyke",2,"Bullies","Gobiomorphus cotidianus","Common_bully","Toitoi","Native","No",11,NA,NA,19,NA,NA,NA,NA,NA,NA
76,"76_0",2025-01-16 08:22:00,"Fyke",2,"Bullies","Gobiomorphus cotidianus","Common_bully","Toitoi","Native","No",100,NA,NA,141,NA,NA,NA,NA,NA,NA
76,"76_0",2025-01-16 08:22:00,"Fyke",2,"Bullies","Gobiomorphus cotidianus","Common_bully","Toitoi","Native","No",100,NA,NA,100,NA,NA,NA,NA,NA,NA
76,"76_0",2025-01-16 08:22:00,"Fyke",2,"Bullies","Gobiomorphus cotidianus","Common_bully","Toitoi","Native","No",56,NA,NA,49,NA,NA,NA,NA,NA,NA
76,"76_0",2025-01-16 08:22:00,"Fyke",2,"Catfish","Ameiurus nebulosus","Catfish","Catfish","Nonnative","No",1,NA,385,NA,NA,NA,NA,NA,NA,NA
76,"76_0",2025-01-16 08:22:00,"Fyke",2,"Catfish","Ameiurus nebulosus","Catfish","Catfish","Nonnative","No",1,NA,385,NA,NA,NA,NA,NA,NA,NA
76,"76_0",2025-01-16 08:22:00,"Fyke",2,"Bullies","Gobiomorphus cotidianus","Common_bully","Toitoi","Native","No",NA,NA,NA,386,NA,NA,NA,2,473.176,NA
117,"117_0",2024-11-01 12:30:00,"Fyke",2,"Kōura","Paranephrops planifrons","Freshwater_crayfish","Kōura","Native","Yes",1,"M",22,4,NA,NA,NA,NA,NA,NA
117,"117_0",2024-11-01 12:30:00,"Box",2,"Kōura","Paranephrops planifrons","Freshwater_crayfish","Kōura","Native","Yes",1,"F",22,4,NA,NA,NA,NA,NA,NA
97,"97_0",2024-11-07 12:34:59.99,"Fyke",2,"Kōura","Paranephrops planifrons","Freshwater_crayfish","Kōura","Native","Yes",1,"F",22,NA,NA,NA,NA,NA,NA,NA
97,"97_0",2024-11-07 12:34:59.995,"Fyke",2,"Kōura","Paranephrops planifrons","Freshwater_crayfish","Kōura","Native","Yes",1,"M",22,NA,NA,NA,NA,NA,NA,NA
101,"101_0",2024-11-07 12:00:00,"Box",2,"Kōura","Paranephrops planifrons","Freshwater_crayfish","Kōura","Native","Yes",1,"F",22,NA,NA,NA,NA,NA,NA,NA
106,"106_0",2024-11-07 10:30:00,"Fyke",2,"Kōura","Paranephrops planifrons","Freshwater_crayfish","Kōura","Native","Yes",1,"F",22,NA,NA,NA,NA,NA,NA,NA
98,"98_0",2024-11-07 13:30:00,"Box",2,"Kōura","Paranephrops planifrons","Freshwater_crayfish","Kōura","Native","Yes",1,"M",21.88,NA,NA,NA,NA,NA,NA,NA
98,"98_0",2024-11-07 13:30:00,"Box",2,"Kōura","Paranephrops planifrons","Freshwater_crayfish","Kōura","Native","Yes",1,"F",21.71,NA,NA,1,NA,NA,NA,NA
77,"77_0",2025-01-17 12:30:00,"Box",2,"Bullies","Gobiomorphus cotidianus","Common_bully","Toitoi","Native","No",18,NA,NA,22,NA,NA,NA,NA,NA,NA
77,"77_0",2025-01-17 12:30:00,"Fyke",2,"Goldfish","Carassius auratus","Goldfish","Morihana","Nonnative","No",1,NA,153,99,NA,NA,NA,NA,NA,NA
98,"98_0",2024-11-07 13:30:00,"Fyke",2,"Kōura","Paranephrops planifrons","Freshwater_crayfish","Kōura","Native","Yes",1,"M",21.52,NA,NA,NA,NA,NA,NA,NA
68,"68_0",2025-02-21 11:49:59.995,"Fyke",2,"Kōura","Paranephrops planifrons","Freshwater_crayfish","Kōura","Native","Yes",1,"M",21.47,10,NA,NA,NA,NA,NA,NA
76,"76_0",2025-01-16 08:22:00,"Fyke",2,"Kōura","Paranephrops planifrons","Freshwater_crayfish","Kōura","Native","Yes",1,"F",21.38,6,NA,NA,NA,NA,NA,NA
73,"73_0",2025-01-17 11:30:00,"Box",2,"Kōura","Paranephrops planifrons","Freshwater_crayfish","Kōura","Native","Yes",1,"F",21.26,9,1,NA,NA,NA,NA,NA
75,"75_0",2025-01-16 10:25:00,"Fyke",2,"Kōura","Paranephrops planifrons","Freshwater_crayfish","Kōura","Native","Yes",1,"M",21.25,8,NA,NA,NA,NA,NA,NA
113,"113_0",2025-01-23 09:17:59.995,"Fyke",2,"Kōura","Paranephrops planifrons","Freshwater_crayfish","Kōura","Native","Yes",1,"M",21.24,10,NA,NA,NA,NA,NA,NA
77,"77_0",2025-01-17 12:30:00,"Fyke",2,"Kōura","Paranephrops planifrons","Freshwater_crayfish","Kōura","Native","Yes",1,"M",21.17,7,NA,NA,NA,NA,NA,NA
77,"77_0",2025-01-17 12:30:00,"Fyke",2,"Common_smelt","Retropinna retropinna","Common_smelt","Common_smelt","Native","No",100,NA,NA,62,NA,NA,NA,NA,NA,NA
77,"77_0",2025-01-17 12:30:00,"Fyke",2,"Common_smelt","Retropinna retropinna","Common_smelt","Common_smelt","Native","No",95,NA,NA,48,NA,NA,NA,NA,NA,NA
77,"77_0",2025-01-17 12:30:00,"Fyke",2,"Bullies","Gobiomorphus cotidianus","Common_bully","Toitoi","Native","No",NA,NA,NA,191,NA,NA,NA,0.75,177.441,NA
77,"77_0",2025-01-17 12:30:00,"Fyke",2,"Bullies","Gobiomorphus cotidianus","Common_bully","Toitoi","Native","No",NA,NA,NA,272,NA,NA,NA,1.25,295.735,NA
78,"78_0",2025-01-16 10:50:00,"Box",1,"Bullies","Gobiomorphus cotidianus","Common_bully","Toitoi","Native","No",1,NA,NA,NA,NA,NA,NA,NA,NA,NA
78,"78_0",2025-01-16 10:50:00,"Fyke",2,"Common_smelt","Retropinna retropinna","Common_smelt","Common_smelt","Native","No",44,NA,NA,55,NA,NA,NA,NA,NA,NA
78,"78_0",2025-01-16 10:50:00,"Fyke",2,"Bullies","Gobiomorphus cotidianus","Common_bully","Toitoi","Native","No",NA,NA,NA,535,NA,NA,NA,2.5,591.47,NA
78,"78_0",2025-01-16 10:50:00,"Fyke",2,"Bullies","Gobiomorphus cotidianus","Common_bully","Toitoi","Native","No",NA,NA,NA,456,NA,NA,NA,2,473.176,NA
78,"78_0",2025-01-16 10:50:00,"Fyke",2,"Catfish","Ameiurus nebulosus","Catfish","Catfish","Nonnative","No",1,NA,189,99,NA,NA,NA,NA,NA,NA
78,"78_0",2025-01-16 10:50:00,"Fyke",2,"Goldfish","Carassius auratus","Goldfish","Morihana","Nonnative","No",NA,NA,126,42,NA,NA,NA,NA,NA,NA
78,"78_0",2025-01-16 10:50:00,"Fyke",2,"Goldfish","Carassius auratus","Goldfish","Morihana","Nonnative","No",NA,NA,70,9,NA,NA,NA,NA,NA,NA
79,"79_0",2025-01-17 10:16:00,"Box",2,"Bullies","Gobiomorphus cotidianus","Common_bully","Toitoi","Native","No",27,NA,NA,18,NA,NA,NA,NA,NA,NA
79,"79_0",2025-01-17 10:16:00,"Fyke",2,"Bullies","Gobiomorphus cotidianus","Common_bully","Toitoi","Native","No",200,NA,NA,177,NA,NA,NA,1,236.588,NA
79,"79_0",2025-01-17 10:15:59.995,"Fyke",2,"Bullies","Gobiomorphus cotidianus","Common_bully","Toitoi","Native","No",NA,NA,NA,132,NA,NA,NA,0.666666666666667,157.725333333333,NA
79,"79_0",2025-01-17 10:15:59.995,"Fyke",2,"Catfish","Ameiurus nebulosus","Catfish","Catfish","Nonnative","No",1,NA,405,NA,NA,NA,NA,NA,NA,NA
79,"79_0",2025-01-17 10:15:59.995,"Fyke",2,"Catfish","Ameiurus nebulosus","Catfish","Catfish","Nonnative","No",1,NA,377,NA,NA,NA,NA,NA,NA,NA
79,"79_0",2025-01-17 10:15:59.995,"Fyke",2,"Catfish","Ameiurus nebulosus","Catfish","Catfish","Nonnative","No",1,NA,290,NA,NA,NA,NA,NA,NA,NA
79,"79_0",2025-01-17 10:15:59.995,"Fyke",2,"Goldfish","Carassius auratus","Goldfish","Morihana","Nonnative","No",1,NA,130,54,NA,NA,NA,NA,NA,NA
79,"79_0",2025-01-17 10:15:59.995,"Fyke",2,"Goldfish","Carassius auratus","Goldfish","Morihana","Nonnative","No",1,NA,191,203,NA,NA,NA,NA,NA,NA
79,"79_0",2025-01-17 10:15:59.995,"Fyke",2,"Goldfish","Carassius auratus","Goldfish","Morihana","Nonnative","No",1,NA,155,83,NA,NA,NA,NA,NA,NA
79,"79_0",2025-01-17 10:15:59.995,"Fyke",2,"Goldfish","Carassius auratus","Goldfish","Morihana","Nonnative","No",1,NA,145,90,NA,NA,NA,NA,NA,NA
79,"79_0",2025-01-17 10:15:59.995,"Fyke",2,"Goldfish","Carassius auratus","Goldfish","Morihana","Nonnative","No",1,NA,55,4,NA,NA,NA,NA,NA,NA
79,"79_0",2025-01-17 10:15:59.995,"Fyke",2,"Bullies","Gobiomorphus cotidianus","Common_bully","Toitoi","Native","No",NA,NA,NA,507,NA,NA,NA,2.25,532.323,NA
80,"80_0",2025-01-16 09:54:00,"Box",2,"Bullies","Gobiomorphus cotidianus","Common_bully","Toitoi","Native","No",68,NA,NA,67,NA,NA,NA,NA,NA,NA
80,"80_0",2025-01-16 09:54:00,"Fyke",2,"Bullies","Gobiomorphus cotidianus","Common_bully","Toitoi","Native","No",NA,NA,NA,66,NA,NA,NA,0.25,59.147,NA
80,"80_0",2025-01-16 09:54:00,"Fyke",2,"Goldfish","Carassius auratus","Goldfish","Morihana","Nonnative","No",1,NA,114,35,NA,NA,NA,NA,NA,NA
80,"80_0",2025-01-16 09:53:59.995,"Fyke",2,"Goldfish","Carassius auratus","Goldfish","Morihana","Nonnative","No",1,NA,155,88,NA,NA,NA,NA,NA,NA
80,"80_0",2025-01-16 09:53:59.995,"Fyke",2,"Catfish","Ameiurus nebulosus","Catfish","Catfish","Nonnative","No",1,NA,48,NA,NA,NA,NA,NA,NA,NA
117,"117_0",2024-11-01 12:30:00,"Box",2,"Kōura","Paranephrops planifrons","Freshwater_crayfish","Kōura","Native","Yes",1,"M",21,9,NA,NA,NA,NA,NA,NA
80,"80_0",2025-01-16 09:53:59.995,"Fyke",2,"Bullies","Gobiomorphus cotidianus","Common_bully","Toitoi","Native","No",NA,NA,NA,77,NA,NA,NA,0.333333333333333,78.8626666666667,NA
81,"81_0",2025-01-17 09:30:00,"Box",1,"Bullies","Gobiomorphus cotidianus","Common_bully","Toitoi","Native","No",7,NA,NA,NA,NA,NA,NA,NA,NA,NA
81,"81_0",2025-01-17 09:30:00,"Fyke",2,"Eel","Anguilla dieffenbachii","Long_fin_eel","Tuna","Native","Yes",1,NA,700,NA,NA,NA,NA,NA,NA,NA
81,"81_0",2025-01-17 09:30:00,"Fyke",2,"Trout","Oncorhynchus mykiss","Rainbow_trout","Rainbow_trout","Nonnative","No",1,NA,104,13,NA,NA,NA,NA,NA,NA
81,"81_0",2025-01-17 09:30:00,"Fyke",2,"Common_smelt","Retropinna retropinna","Common_smelt","Common_smelt","Native","No",4,NA,NA,NA,NA,NA,NA,NA,NA,NA
81,"81_0",2025-01-17 09:30:00,"Fyke",2,"Bullies","Gobiomorphus cotidianus","Common_bully","Toitoi","Native","No",200,NA,NA,310,NA,NA,NA,1.333,315.371804,NA
81,"81_0",2025-01-17 09:30:00,"Fyke",2,"Bullies","Gobiomorphus cotidianus","Common_bully","Toitoi","Native","No",NA,NA,NA,71,NA,NA,NA,0.5,118.294,NA
81,"81_0",2025-01-17 09:30:00,"Fyke",2,"Common_smelt","Retropinna retropinna","Common_smelt","Common_smelt","Native","No",2,NA,NA,NA,NA,NA,NA,NA,NA,NA
81,"81_0",2025-01-17 09:30:00,"Fyke",2,"Bullies","Gobiomorphus cotidianus","Common_bully","Toitoi","Native","No",NA,NA,NA,173,NA,NA,NA,1,236.588,NA
82,"82_0",2025-01-16 09:08:00,"Box",2,"Bullies","Gobiomorphus cotidianus","Common_bully","Toitoi","Native","No",NA,NA,NA,30,NA,NA,NA,NA,NA,NA
82,"82_0",2025-01-16 09:08:00,"Fyke",2,"Common_smelt","Retropinna retropinna","Common_smelt","Common_smelt","Native","No",9,NA,NA,NA,NA,NA,NA,NA,NA,NA
82,"82_0",2025-01-16 09:08:00,"Fyke",2,"Bullies","Gobiomorphus cotidianus","Common_bully","Toitoi","Native","No",NA,NA,NA,524,NA,NA,NA,2.5,591.47,NA
82,"82_0",2025-01-16 09:08:00,"Fyke",2,"Bullies","Gobiomorphus cotidianus","Common_bully","Toitoi","Native","No",NA,NA,NA,590,NA,NA,NA,2.5,591.47,NA
82,"82_0",2025-01-16 09:08:00,"Fyke",2,"Bullies","Gobiomorphus cotidianus","Common_bully","Toitoi","Native","No",NA,NA,NA,557,NA,NA,NA,2.5,591.47,NA
82,"82_0",2025-01-16 09:08:00,"Fyke",2,"Bullies","Gobiomorphus cotidianus","Common_bully","Toitoi","Native","No",NA,NA,NA,551,NA,NA,NA,2.5,591.47,NA
82,"82_0",2025-01-16 09:08:00,"Fyke",2,"Bullies","Gobiomorphus cotidianus","Common_bully","Toitoi","Native","No",NA,NA,NA,436,NA,NA,NA,2,473.176,NA
82,"82_0",2025-01-16 09:08:00,"Fyke",2,"Common_smelt","Retropinna retropinna","Common_smelt","Common_smelt","Native","No",213,NA,NA,220,NA,NA,NA,NA,NA,NA
82,"82_0",2025-01-16 09:08:00,"Fyke",2,"Bullies","Gobiomorphus cotidianus","Common_bully","Toitoi","Native","No",NA,NA,NA,451,NA,NA,NA,2,473.176,NA
82,"82_0",2025-01-16 09:08:00,"Fyke",2,"Bullies","Gobiomorphus cotidianus","Common_bully","Toitoi","Native","No",NA,NA,NA,529,NA,NA,NA,2.5,591.47,NA
82,"82_0",2025-01-16 09:08:00,"Fyke",2,"Bullies","Gobiomorphus cotidianus","Common_bully","Toitoi","Native","No",NA,NA,NA,521,NA,NA,NA,2.5,591.47,NA
82,"82_0",2025-01-16 09:08:00,"Fyke",2,"Bullies","Gobiomorphus cotidianus","Common_bully","Toitoi","Native","No",NA,NA,NA,553,NA,NA,NA,2.5,591.47,NA
82,"82_0",2025-01-16 09:08:00,"Fyke",2,"Bullies","Gobiomorphus cotidianus","Common_bully","Toitoi","Native","No",NA,NA,NA,206,NA,NA,NA,1,236.588,NA
82,"82_0",2025-01-16 09:08:00,"Fyke",2,"Goldfish","Carassius auratus","Goldfish","Morihana","Nonnative","No",1,NA,194,172,NA,NA,NA,NA,NA,NA
82,"82_0",2025-01-16 09:08:00,"Fyke",2,"Goldfish","Carassius auratus","Goldfish","Morihana","Nonnative","No",1,NA,201,186,NA,NA,NA,NA,NA,NA
82,"82_0",2025-01-16 09:08:00,"Fyke",2,"Goldfish","Carassius auratus","Goldfish","Morihana","Nonnative","No",1,NA,94,70,NA,NA,NA,NA,NA,NA
82,"82_0",2025-01-16 09:08:00,"Fyke",2,"Goldfish","Carassius auratus","Goldfish","Morihana","Nonnative","No",1,NA,144,77,NA,NA,NA,NA,NA,NA
82,"82_0",2025-01-16 09:08:00,"Fyke",2,"Goldfish","Carassius auratus","Goldfish","Morihana","Nonnative","No",1,NA,84,12,NA,NA,NA,NA,NA,NA
82,"82_0",2025-01-16 09:08:00,"Fyke",2,"Goldfish","Carassius auratus","Goldfish","Morihana","Nonnative","No",1,NA,100,26,NA,NA,NA,NA,NA,NA
82,"82_0",2025-01-16 09:08:00,"Fyke",2,"Goldfish","Carassius auratus","Goldfish","Morihana","Nonnative","No",1,NA,103,25,NA,NA,NA,NA,NA,NA
82,"82_0",2025-01-16 09:08:00,"Fyke",2,"Goldfish","Carassius auratus","Goldfish","Morihana","Nonnative","No",1,NA,112,37,NA,NA,NA,NA,NA,NA
83,"83_0",2025-01-17 10:50:00,"Box",2,"Bullies","Gobiomorphus cotidianus","Common_bully","Toitoi","Native","No",8,NA,NA,NA,NA,NA,NA,NA,NA,NA
83,"83_0",2025-01-17 10:50:00,"Fyke",2,"Catfish","Ameiurus nebulosus","Catfish","Catfish","Nonnative","No",1,NA,209,NA,NA,NA,NA,NA,NA,NA
83,"83_0",2025-01-17 10:50:00,"Fyke",2,"Catfish","Ameiurus nebulosus","Catfish","Catfish","Nonnative","No",1,NA,329,NA,NA,NA,NA,NA,NA,NA
83,"83_0",2025-01-17 10:50:00,"Fyke",2,"Catfish","Ameiurus nebulosus","Catfish","Catfish","Nonnative","No",1,NA,337,NA,NA,NA,NA,NA,NA,NA
83,"83_0",2025-01-17 10:50:00,"Fyke",2,"Catfish","Ameiurus nebulosus","Catfish","Catfish","Nonnative","No",1,NA,305,NA,NA,NA,NA,NA,NA,NA
83,"83_0",2025-01-17 10:50:00,"Fyke",2,"Goldfish","Carassius auratus","Goldfish","Morihana","Nonnative","No",1,NA,125,45,NA,NA,NA,NA,NA,NA
83,"83_0",2025-01-17 10:50:00,"Fyke",2,"Common_smelt","Retropinna retropinna","Common_smelt","Common_smelt","Native","No",7,NA,NA,NA,NA,NA,NA,NA,NA,NA
83,"83_0",2025-01-17 10:50:00,"Fyke",2,"Bullies","Gobiomorphus cotidianus","Common_bully","Toitoi","Native","No",100,NA,NA,136,NA,NA,NA,0.5,118.294,NA
83,"83_0",2025-01-17 10:50:00,"Fyke",2,"Bullies","Gobiomorphus cotidianus","Common_bully","Toitoi","Native","No",NA,NA,NA,271,NA,NA,NA,1.5,354.882,NA
84,"84_0",2025-01-16 11:19:00,"Box",2,"Bullies","Gobiomorphus cotidianus","Common_bully","Toitoi","Native","No",5,NA,NA,NA,NA,NA,NA,NA,NA,NA
84,"84_0",2025-01-16 11:19:00,"Fyke",2,"Common_smelt","Retropinna retropinna","Common_smelt","Common_smelt","Native","No",4,NA,NA,NA,NA,NA,NA,NA,NA,NA
84,"84_0",2025-01-16 11:19:00,"Fyke",2,"Bullies","Gobiomorphus cotidianus","Common_bully","Toitoi","Native","No",NA,NA,NA,559,NA,NA,NA,2.5,591.47,NA
84,"84_0",2025-01-16 11:19:00,"Fyke",2,"Bullies","Gobiomorphus cotidianus","Common_bully","Toitoi","Native","No",NA,NA,NA,154,NA,NA,NA,0.75,177.441,NA
84,"84_0",2025-01-16 11:19:00,"Fyke",2,"Goldfish","Carassius auratus","Goldfish","Morihana","Nonnative","No",1,NA,85,16,NA,NA,NA,NA,NA,NA
84,"84_0",2025-01-16 11:19:00,"Fyke",2,"Goldfish","Carassius auratus","Goldfish","Morihana","Nonnative","No",1,NA,151,71,NA,NA,NA,NA,NA,NA
84,"84_0",2025-01-16 11:19:00,"Fyke",2,"Goldfish","Carassius auratus","Goldfish","Morihana","Nonnative","No",1,NA,199,190,NA,NA,NA,NA,NA,NA
117,"117_0",2024-11-01 12:30:00,"Box",2,"Kōura","Paranephrops planifrons","Freshwater_crayfish","Kōura","Native","Yes",1,"M",21,8,NA,NA,NA,NA,NA,NA
106,"106_0",2024-11-07 10:30:00,"Fyke",2,"Kōura","Paranephrops planifrons","Freshwater_crayfish","Kōura","Native","Yes",1,"M",21,7,NA,NA,NA,NA,NA,NA
115,"115_0",2024-11-01 14:10:00,"Box",2,"Kōura","Paranephrops planifrons","Freshwater_crayfish","Kōura","Native","Yes",1,"F",21,7,NA,NA,NA,NA,NA,NA
110,"110_0",2024-11-01 11:49:59.995,"Fyke",2,"Kōura","Paranephrops planifrons","Freshwater_crayfish","Kōura","Native","Yes",1,"M",21,6,NA,NA,NA,NA,NA,NA
117,"117_0",2024-11-01 12:30:00,"Box",2,"Kōura","Paranephrops planifrons","Freshwater_crayfish","Kōura","Native","Yes",1,"M",21,5,NA,NA,NA,NA,NA,NA
117,"117_0",2024-11-01 12:30:00,"Fyke",2,"Kōura","Paranephrops planifrons","Freshwater_crayfish","Kōura","Native","Yes",1,"M",21,4,NA,NA,NA,NA,NA,NA
117,"117_0",2024-11-01 12:30:00,"Box",2,"Kōura","Paranephrops planifrons","Freshwater_crayfish","Kōura","Native","Yes",1,"M",21,4,NA,NA,NA,NA,NA,NA
97,"97_0",2024-11-07 12:34:59.99,"Fyke",2,"Kōura","Paranephrops planifrons","Freshwater_crayfish","Kōura","Native","Yes",1,"M",21,NA,NA,NA,NA,NA,NA,NA
98,"98_0",2024-11-07 13:30:00,"Box",2,"Kōura","Paranephrops planifrons","Freshwater_crayfish","Kōura","Native","Yes",1,"M",20.91,NA,NA,NA,NA,NA,NA,NA
77,"77_0",2025-01-17 12:30:00,"Box",2,"Kōura","Paranephrops planifrons","Freshwater_crayfish","Kōura","Native","Yes",1,"M",20.64,8,NA,NA,NA,NA,NA,NA
77,"77_0",2025-01-17 12:30:00,"Fyke",2,"Kōura","Paranephrops planifrons","Freshwater_crayfish","Kōura","Native","Yes",1,"F",20.19,6,NA,NA,NA,NA,NA,NA
77,"77_0",2025-01-17 12:30:00,"Fyke",2,"Kōura","Paranephrops planifrons","Freshwater_crayfish","Kōura","Native","Yes",1,"M",20.14,6,NA,NA,NA,NA,NA,NA
85,"85_0",2024-12-11 09:49:59.995,"Fyke",2,"Kōura","Paranephrops planifrons","Freshwater_crayfish","Kōura","Native","Yes",1,"M",20.09,9,NA,NA,NA,NA,NA,NA
77,"77_0",2025-01-17 12:30:00,"Fyke",2,"Kōura","Paranephrops planifrons","Freshwater_crayfish","Kōura","Native","Yes",1,"F",20.07,5,NA,NA,NA,NA,NA,NA
109,"109_0",2024-11-01 12:59:59.995,"Box",2,"Kōura","Paranephrops planifrons","Freshwater_crayfish","Kōura","Native","Yes",1,"M",20,12,NA,NA,NA,NA,NA,NA
109,"109_0",2024-11-01 12:59:59.995,"Box",2,"Kōura","Paranephrops planifrons","Freshwater_crayfish","Kōura","Native","Yes",1,"F",20,9,NA,NA,1,NA,NA,NA
109,"109_0",2024-11-01 12:59:59.995,"Box",2,"Kōura","Paranephrops planifrons","Freshwater_crayfish","Kōura","Native","Yes",1,"F",20,7,NA,NA,NA,NA,NA,NA
110,"110_0",2024-11-01 11:49:59.995,"Fyke",2,"Kōura","Paranephrops planifrons","Freshwater_crayfish","Kōura","Native","Yes",1,"F",20,7,NA,NA,NA,NA,NA,NA
117,"117_0",2024-11-01 12:30:00,"Fyke",2,"Kōura","Paranephrops planifrons","Freshwater_crayfish","Kōura","Native","Yes",1,"M",20,7,NA,NA,NA,NA,NA,NA
102,"102_0",2024-11-07 11:26:59.995,"Box",2,"Kōura","Paranephrops planifrons","Freshwater_crayfish","Kōura","Native","Yes",1,"M",20,6,NA,NA,NA,NA,NA,NA
110,"110_0",2024-11-01 11:49:59.995,"Fyke",2,"Kōura","Paranephrops planifrons","Freshwater_crayfish","Kōura","Native","Yes",1,"M",20,6,NA,NA,NA,NA,NA,NA
120,"120_0",2024-11-01 10:18:00,"Fyke",2,"Kōura","Paranephrops planifrons","Freshwater_crayfish","Kōura","Native","Yes",1,"M",20,6,NA,NA,NA,NA,NA,NA
117,"117_0",2024-11-01 12:30:00,"Fyke",2,"Kōura","Paranephrops planifrons","Freshwater_crayfish","Kōura","Native","Yes",1,"M",20,5,NA,NA,NA,NA,NA,NA
120,"120_0",2024-11-01 10:18:00,"Fyke",2,"Kōura","Paranephrops planifrons","Freshwater_crayfish","Kōura","Native","Yes",1,"M",20,5,NA,NA,NA,NA,NA,NA
117,"117_0",2024-11-01 12:30:00,"Fyke",2,"Kōura","Paranephrops planifrons","Freshwater_crayfish","Kōura","Native","Yes",1,"F",20,3,NA,NA,NA,NA,NA,NA
97,"97_0",2024-11-07 12:34:59.99,"Fyke",2,"Kōura","Paranephrops planifrons","Freshwater_crayfish","Kōura","Native","Yes",1,"M",20,NA,NA,NA,NA,NA,NA,NA
98,"98_0",2024-11-07 13:30:00,"Fyke",2,"Kōura","Paranephrops planifrons","Freshwater_crayfish","Kōura","Native","Yes",1,"F",19.82,NA,NA,NA,NA,NA,NA,NA
76,"76_0",2025-01-16 08:22:00,"Fyke",2,"Kōura","Paranephrops planifrons","Freshwater_crayfish","Kōura","Native","Yes",1,"F",19.69,5,NA,NA,NA,NA,NA,NA
77,"77_0",2025-01-17 12:30:00,"Fyke",2,"Kōura","Paranephrops planifrons","Freshwater_crayfish","Kōura","Native","Yes",1,"F",19.65,8,NA,NA,NA,NA,NA,NA
76,"76_0",2025-01-16 08:22:00,"Fyke",2,"Kōura","Paranephrops planifrons","Freshwater_crayfish","Kōura","Native","Yes",1,"M",19.63,5,NA,NA,NA,NA,NA,NA
68,"68_0",2025-02-21 11:49:59.995,"Fyke",2,"Kōura","Paranephrops planifrons","Freshwater_crayfish","Kōura","Native","Yes",1,"M",19.3,3,NA,NA,NA,NA,NA,NA
98,"98_0",2024-11-07 13:30:00,"Box",2,"Kōura","Paranephrops planifrons","Freshwater_crayfish","Kōura","Native","Yes",1,"F",19.29,NA,NA,NA,NA,NA,NA,NA
77,"77_0",2025-01-17 12:30:00,"Fyke",2,"Kōura","Paranephrops planifrons","Freshwater_crayfish","Kōura","Native","Yes",1,"F",19.15,3,NA,NA,NA,NA,NA,NA
73,"73_0",2025-01-17 11:29:59.995,"Fyke",2,"Kōura","Paranephrops planifrons","Freshwater_crayfish","Kōura","Native","Yes",1,"M",19.11,6,NA,NA,NA,NA,NA,NA
95,"95_0",2024-12-12 12:30:00,"Box",2,"Kōura","Paranephrops planifrons","Freshwater_crayfish","Kōura","Native","Yes",1,"F",19,9,NA,NA,NA,NA,NA,NA
109,"109_0",2024-11-01 13:00:00,"Fyke",2,"Kōura","Paranephrops planifrons","Freshwater_crayfish","Kōura","Native","Yes",1,"M",19,7,NA,NA,NA,NA,NA,NA
120,"120_0",2024-11-01 10:18:00,"Fyke",2,"Kōura","Paranephrops planifrons","Freshwater_crayfish","Kōura","Native","Yes",1,"M",19,7,NA,NA,NA,NA,NA,NA
120,"120_0",2024-11-01 10:18:00,"Fyke",2,"Kōura","Paranephrops planifrons","Freshwater_crayfish","Kōura","Native","Yes",1,"M",19,6,NA,NA,NA,NA,NA,NA
115,"115_0",2024-11-01 14:10:00,"Fyke",2,"Kōura","Paranephrops planifrons","Freshwater_crayfish","Kōura","Native","Yes",1,"F",19,5,NA,NA,NA,NA,NA,NA
119,"119_0",2024-11-01 09:30:00,"Box",2,"Kōura","Paranephrops planifrons","Freshwater_crayfish","Kōura","Native","Yes",1,"M",19,5,NA,NA,NA,NA,NA,NA
120,"120_0",2024-11-01 10:18:00,"Fyke",2,"Kōura","Paranephrops planifrons","Freshwater_crayfish","Kōura","Native","Yes",1,"F",19,5,NA,NA,NA,NA,NA,NA
120,"120_0",2024-11-01 10:18:00,"Fyke",2,"Kōura","Paranephrops planifrons","Freshwater_crayfish","Kōura","Native","Yes",1,"M",19,5,NA,NA,NA,NA,NA,NA
112,"112_0",2025-01-23 12:00:00,"Box",2,"Bullies","Gobiomorphus cotidianus","Common_bully","Toitoi","Native","No",NA,NA,NA,15,NA,NA,NA,NA,NA,NA
112,"112_0",2025-01-23 12:00:00,"Fyke",2,"Bullies","Gobiomorphus cotidianus","Common_bully","Toitoi","Native","No",NA,NA,NA,556,NA,NA,NA,2.5,591.47,NA
112,"112_0",2025-01-23 12:00:00,"Fyke",2,"Bullies","Gobiomorphus cotidianus","Common_bully","Toitoi","Native","No",NA,NA,NA,582,NA,NA,NA,2.5,591.47,NA
112,"112_0",2025-01-23 12:00:00,"Fyke",2,"Bullies","Gobiomorphus cotidianus","Common_bully","Toitoi","Native","No",NA,NA,NA,581,NA,NA,NA,2.5,591.47,NA
112,"112_0",2025-01-23 12:00:00,"Fyke",2,"Bullies","Gobiomorphus cotidianus","Common_bully","Toitoi","Native","No",NA,NA,NA,628,NA,NA,NA,2.5,591.47,NA
112,"112_0",2025-01-23 12:00:00,"Fyke",2,"Bullies","Gobiomorphus cotidianus","Common_bully","Toitoi","Native","No",NA,NA,NA,578,NA,NA,NA,2.5,591.47,NA
112,"112_0",2025-01-23 12:00:00,"Fyke",2,"Bullies","Gobiomorphus cotidianus","Common_bully","Toitoi","Native","No",NA,NA,NA,524,NA,NA,NA,2.5,591.47,NA
112,"112_0",2025-01-23 12:00:00,"Fyke",2,"Bullies","Gobiomorphus cotidianus","Common_bully","Toitoi","Native","No",NA,NA,NA,573,NA,NA,NA,2.5,591.47,NA
112,"112_0",2025-01-23 12:00:00,"Fyke",2,"Bullies","Gobiomorphus cotidianus","Common_bully","Toitoi","Native","No",NA,NA,NA,570,NA,NA,NA,2.5,591.47,NA
112,"112_0",2025-01-23 12:00:00,"Fyke",2,"Bullies","Gobiomorphus cotidianus","Common_bully","Toitoi","Native","No",NA,NA,NA,445,NA,NA,NA,2.5,591.47,NA
112,"112_0",2025-01-23 12:00:00,"Fyke",2,"Bullies","Gobiomorphus cotidianus","Common_bully","Toitoi","Native","No",NA,NA,NA,86,NA,NA,NA,0.25,59.147,NA
110,"110_0",2024-11-01 11:49:59.995,"Fyke",2,"Kōura","Paranephrops planifrons","Freshwater_crayfish","Kōura","Native","Yes",1,"M",19,3,NA,NA,NA,NA,NA,NA
97,"97_0",2024-11-07 12:34:59.99,"Fyke",2,"Kōura","Paranephrops planifrons","Freshwater_crayfish","Kōura","Native","Yes",1,"M",19,NA,NA,NA,NA,NA,NA,NA
102,"102_0",2024-11-07 11:26:59.995,"Fyke",2,"Kōura","Paranephrops planifrons","Freshwater_crayfish","Kōura","Native","Yes",1,"F",19,NA,NA,NA,NA,NA,NA,"scale broke"
113,"113_0",2025-01-23 09:17:59.995,"Box",2,"Bullies","Gobiomorphus cotidianus","Common_bully","Toitoi","Native","No",11,NA,NA,9,NA,NA,NA,NA,NA,NA
113,"113_0",2025-01-23 09:17:59.995,"Fyke",2,"Bullies","Gobiomorphus cotidianus","Common_bully","Toitoi","Native","No",114,NA,NA,105,NA,NA,NA,0.5,118.294,NA
105,"105_0",2024-11-07 12:59:59.995,"Fyke",2,"Kōura","Paranephrops planifrons","Freshwater_crayfish","Kōura","Native","Yes",1,"M",19,NA,NA,NA,NA,NA,NA,NA
106,"106_0",2024-11-07 10:30:00,"Fyke",2,"Kōura","Paranephrops planifrons","Freshwater_crayfish","Kōura","Native","Yes",1,"M",19,NA,NA,NA,NA,NA,NA,NA
98,"98_0",2024-11-07 13:30:00,"Box",2,"Kōura","Paranephrops planifrons","Freshwater_crayfish","Kōura","Native","Yes",1,"M",18.88,NA,NA,NA,NA,NA,NA,NA
98,"98_0",2024-11-07 13:30:00,"Box",2,"Kōura","Paranephrops planifrons","Freshwater_crayfish","Kōura","Native","Yes",1,"M",18.69,NA,NA,NA,NA,NA,NA,NA
98,"98_0",2024-11-07 13:30:00,"Fyke",2,"Kōura","Paranephrops planifrons","Freshwater_crayfish","Kōura","Native","Yes",1,"F",18.39,NA,NA,NA,NA,NA,NA,NA
98,"98_0",2024-11-07 13:30:00,"Fyke",2,"Kōura","Paranephrops planifrons","Freshwater_crayfish","Kōura","Native","Yes",1,"M",18.38,NA,NA,NA,NA,NA,NA,NA
99,"99_0",2024-11-07 09:30:00,"Fyke",2,"Kōura","Paranephrops planifrons","Freshwater_crayfish","Kōura","Native","Yes",1,"M",18.29,7,NA,NA,NA,NA,NA,NA
98,"98_0",2024-11-07 13:30:00,"Fyke",2,"Kōura","Paranephrops planifrons","Freshwater_crayfish","Kōura","Native","Yes",1,"F",18.24,NA,NA,NA,NA,NA,NA,NA
98,"98_0",2024-11-07 13:30:00,"Fyke",2,"Kōura","Paranephrops planifrons","Freshwater_crayfish","Kōura","Native","Yes",1,"F",18.1,NA,NA,NA,NA,NA,NA,NA
110,"110_0",2024-11-01 11:50:00,"Box",2,"Kōura","Paranephrops planifrons","Freshwater_crayfish","Kōura","Native","Yes",1,"M",18,4,NA,NA,NA,NA,NA,NA
106,"106_0",2024-11-07 10:30:00,"Fyke",2,"Kōura","Paranephrops planifrons","Freshwater_crayfish","Kōura","Native","Yes",1,"M",18,NA,NA,NA,NA,NA,NA,NA
106,"106_0",2024-11-07 10:30:00,"Fyke",2,"Kōura","Paranephrops planifrons","Freshwater_crayfish","Kōura","Native","Yes",1,"F",18,NA,NA,NA,NA,NA,NA,NA
106,"106_0",2024-11-07 10:30:00,"Box",2,"Kōura","Paranephrops planifrons","Freshwater_crayfish","Kōura","Native","Yes",1,"F",17.89,NA,NA,NA,NA,NA,NA,NA
99,"99_0",2024-11-07 09:30:00,"Fyke",2,"Kōura","Paranephrops planifrons","Freshwater_crayfish","Kōura","Native","Yes",1,"M",17.57,4,NA,NA,NA,NA,NA,NA
66,"66_0",2025-02-21 12:20:00,"Box",2,"Kōura","Paranephrops planifrons","Freshwater_crayfish","Kōura","Native","Yes",1,"F",17.55,4,NA,NA,NA,NA,NA,NA
98,"98_0",2024-11-07 13:30:00,"Fyke",2,"Kōura","Paranephrops planifrons","Freshwater_crayfish","Kōura","Native","Yes",1,"F",17.48,NA,NA,NA,NA,NA,NA,NA
98,"98_0",2024-11-07 13:30:00,"Fyke",2,"Kōura","Paranephrops planifrons","Freshwater_crayfish","Kōura","Native","Yes",1,"M",17.46,NA,NA,NA,NA,NA,NA,NA
117,"117_0",2024-11-01 12:30:00,"Box",2,"Kōura","Paranephrops planifrons","Freshwater_crayfish","Kōura","Native","Yes",1,"F",17,3,NA,NA,NA,NA,NA,NA
117,"117_0",2024-11-01 12:30:00,"Fyke",2,"Kōura","Paranephrops planifrons","Freshwater_crayfish","Kōura","Native","Yes",1,"M",17,3,NA,NA,NA,NA,NA,NA
106,"106_0",2024-11-07 10:30:00,"Fyke",2,"Kōura","Paranephrops planifrons","Freshwater_crayfish","Kōura","Native","Yes",1,"M",17,NA,NA,NA,NA,NA,NA,NA
106,"106_0",2024-11-07 10:30:00,"Fyke",2,"Kōura","Paranephrops planifrons","Freshwater_crayfish","Kōura","Native","Yes",1,"M",17,NA,NA,NA,NA,NA,NA,NA
98,"98_0",2024-11-07 13:30:00,"Fyke",2,"Kōura","Paranephrops planifrons","Freshwater_crayfish","Kōura","Native","Yes",1,"M",16.97,NA,NA,NA,NA,NA,NA,NA
73,"73_0",2025-01-17 11:29:59.995,"Fyke",2,"Kōura","Paranephrops planifrons","Freshwater_crayfish","Kōura","Native","Yes",1,"M",16.4,3,NA,NA,NA,NA,NA,NA
102,"102_0",2024-11-07 11:26:59.995,"Fyke",2,"Kōura","Paranephrops planifrons","Freshwater_crayfish","Kōura","Native","Yes",1,"F",16,NA,NA,NA,NA,NA,NA,"scale broke"
98,"98_0",2024-11-07 13:30:00,"Fyke",2,"Kōura","Paranephrops planifrons","Freshwater_crayfish","Kōura","Native","Yes",1,"F",15.67,NA,NA,NA,NA,NA,NA,NA
61,"61_0",2025-02-21 11:00:00,"Box",2,"Bullies","Gobiomorphus cotidianus","Common_bully","Toitoi","Native","No",28,NA,NA,29,NA,NA,NA,NA,NA,NA
61,"61_0",2025-02-21 11:00:00,"Fyke",2,"Bullies","Gobiomorphus cotidianus","Common_bully","Toitoi","Native","No",NA,NA,NA,5500,NA,NA,NA,NA,NA,"Most dead"
61,"61_0",2025-02-21 11:00:00,"Fyke",2,"Bullies","Gobiomorphus cotidianus","Common_bully","Toitoi","Native","No",NA,NA,NA,600,NA,NA,NA,NA,NA,"Most dead"
61,"61_0",2025-02-21 11:00:00,"Fyke",2,"Bullies","Gobiomorphus cotidianus","Common_bully","Toitoi","Native","No",NA,NA,NA,23,NA,NA,NA,NA,NA,NA
61,"61_0",2025-02-21 11:00:00,"Fyke",2,"Bullies","Gobiomorphus cotidianus","Common_bully","Toitoi","Native","No",NA,NA,NA,6300,NA,NA,NA,NA,NA,"Most dead"
98,"98_0",2024-11-07 13:30:00,"Fyke",2,"Kōura","Paranephrops planifrons","Freshwater_crayfish","Kōura","Native","Yes",1,"F",15.26,NA,NA,NA,NA,NA,NA,NA
62,"62_0",2025-02-21 12:59:00,"Box",2,"Trout","Oncorhynchus mykiss","Rainbow_trout","Rainbow_trout","Nonnative","No",1,NA,90,17,NA,NA,NA,NA,NA,NA
62,"62_0",2025-02-21 12:59:00,"Box",2,"Bullies","Gobiomorphus cotidianus","Common_bully","Toitoi","Native","No",31,NA,NA,23,NA,NA,NA,NA,NA,NA
62,"62_0",2025-02-21 12:59:00,"Fyke",2,"Bullies","Gobiomorphus cotidianus","Common_bully","Toitoi","Native","No",NA,NA,NA,282,NA,NA,NA,1.5,354.882,"All small"
62,"62_0",2025-02-21 12:59:00,"Fyke",2,"Common_smelt","Retropinna retropinna","Common_smelt","Common_smelt","Native","No",10,NA,NA,24,NA,NA,NA,NA,NA,NA
62,"62_0",2025-02-21 12:59:00,"Fyke",2,"Bullies","Gobiomorphus cotidianus","Common_bully","Toitoi","Native","No",NA,NA,NA,236,NA,NA,NA,1,236.588,"All small"
63,"63_0",2025-02-21 02:00:00,"Box",2,"Bullies","Gobiomorphus cotidianus","Common_bully","Toitoi","Native","No",5,NA,NA,5,NA,NA,NA,NA,NA,NA
63,"63_0",2025-02-21 02:00:00,"Fyke",2,"Goldfish","Carassius auratus","Goldfish","Morihana","Nonnative","No",1,NA,195,175,NA,NA,NA,NA,NA,NA
63,"63_0",2025-02-21 02:00:00,"Fyke",2,"Bullies","Gobiomorphus cotidianus","Common_bully","Toitoi","Native","No",NA,NA,NA,613,NA,NA,NA,2.5,591.47,NA
63,"63_0",2025-02-21 02:00:00,"Fyke",2,"Bullies","Gobiomorphus cotidianus","Common_bully","Toitoi","Native","No",NA,NA,NA,533,NA,NA,NA,2.5,591.47,NA
63,"63_0",2025-02-21 02:00:00,"Fyke",2,"Eel","Anguilla dieffenbachii","Long_fin_eel","Tuna","Native","Yes",1,NA,970,3000,NA,NA,NA,NA,NA,NA
63,"63_0",2025-02-21 02:00:00,"Fyke",2,"Bullies","Gobiomorphus cotidianus","Common_bully","Toitoi","Native","No",NA,NA,NA,563,NA,NA,NA,2.5,591.47,NA
63,"63_0",2025-02-21 02:00:00,"Fyke",2,"Bullies","Gobiomorphus cotidianus","Common_bully","Toitoi","Native","No",NA,NA,NA,535,NA,NA,NA,2.5,591.47,NA
63,"63_0",2025-02-21 02:00:00,"Fyke",2,"Bullies","Gobiomorphus cotidianus","Common_bully","Toitoi","Native","No",NA,NA,NA,547,NA,NA,NA,2.5,591.47,NA
63,"63_0",2025-02-21 02:00:00,"Fyke",2,"Bullies","Gobiomorphus cotidianus","Common_bully","Toitoi","Native","No",NA,NA,NA,176,NA,NA,NA,1,236.588,NA
64,"64_0",2025-02-21 03:20:00,"Box",2,"Bullies","Gobiomorphus cotidianus","Common_bully","Toitoi","Native","No",8,NA,NA,10,NA,NA,NA,NA,NA,NA
64,"64_0",2025-02-21 03:20:00,"Fyke",2,"Bullies","Gobiomorphus cotidianus","Common_bully","Toitoi","Native","No",NA,NA,NA,500,NA,NA,NA,2.5,591.47,NA
64,"64_0",2025-02-21 03:20:00,"Fyke",2,"Bullies","Gobiomorphus cotidianus","Common_bully","Toitoi","Native","No",NA,NA,NA,280,NA,NA,NA,1.5,354.882,NA
64,"64_0",2025-02-21 03:20:00,"Fyke",2,"Bullies","Gobiomorphus cotidianus","Common_bully","Toitoi","Native","No",NA,NA,NA,110,NA,NA,NA,0.5,118.294,NA
64,"64_0",2025-02-21 03:20:00,"Fyke",2,"Eel","Anguilla dieffenbachii","Long_fin_eel","Tuna","Native","Yes",1,NA,600,400,NA,NA,NA,NA,NA,NA
64,"64_0",2025-02-21 03:20:00,"Fyke",2,"Bullies","Gobiomorphus cotidianus","Common_bully","Toitoi","Native","No",NA,NA,NA,609,NA,NA,NA,2.5,591.47,NA
64,"64_0",2025-02-21 03:20:00,"Fyke",2,"Bullies","Gobiomorphus cotidianus","Common_bully","Toitoi","Native","No",NA,NA,NA,588,NA,NA,NA,2.5,591.47,NA
64,"64_0",2025-02-21 03:20:00,"Fyke",2,"Bullies","Gobiomorphus cotidianus","Common_bully","Toitoi","Native","No",NA,NA,NA,611,NA,NA,NA,2.5,591.47,NA
64,"64_0",2025-02-21 03:20:00,"Fyke",2,"Bullies","Gobiomorphus cotidianus","Common_bully","Toitoi","Native","No",NA,NA,NA,582,NA,NA,NA,2.5,591.47,NA
64,"64_0",2025-02-21 03:20:00,"Fyke",2,"Bullies","Gobiomorphus cotidianus","Common_bully","Toitoi","Native","No",NA,NA,NA,448,NA,NA,NA,2,473.176,NA
65,"65_0",2025-02-21 10:06:00,"Box",2,"Bullies","Gobiomorphus cotidianus","Common_bully","Toitoi","Native","No",NA,NA,NA,6,NA,NA,NA,NA,NA,NA
65,"65_0",2025-02-21 10:06:00,"Fyke",2,"Eel","Anguilla dieffenbachii","Long_fin_eel","Tuna","Native","Yes",1,NA,600,600,NA,NA,NA,NA,NA,NA
65,"65_0",2025-02-21 10:06:00,"Fyke",2,"Eel","Anguilla dieffenbachii","Long_fin_eel","Tuna","Native","Yes",1,NA,750,1500,NA,NA,NA,NA,NA,NA
65,"65_0",2025-02-21 10:05:59.995,"Fyke",2,"Trout","Oncorhynchus mykiss","Rainbow_trout","Rainbow_trout","Nonnative","No",1,NA,81,9,NA,NA,NA,NA,NA,NA
65,"65_0",2025-02-21 10:05:59.995,"Fyke",2,"Bullies","Gobiomorphus cotidianus","Common_bully","Toitoi","Native","No",NA,NA,NA,306,NA,NA,NA,1.25,295.735,NA
65,"65_0",2025-02-21 10:05:59.995,"Fyke",2,"Bullies","Gobiomorphus cotidianus","Common_bully","Toitoi","Native","No",NA,NA,NA,600,NA,NA,NA,2.5,591.47,NA
65,"65_0",2025-02-21 10:05:59.995,"Fyke",2,"Bullies","Gobiomorphus cotidianus","Common_bully","Toitoi","Native","No",NA,NA,NA,468,NA,NA,NA,2,473.176,NA
65,"65_0",2025-02-21 10:05:59.995,"Fyke",2,"Bullies","Gobiomorphus cotidianus","Common_bully","Toitoi","Native","No",NA,NA,NA,216,NA,NA,NA,1,236.588,NA
66,"66_0",2025-02-21 12:20:00,"Box",2,"Bullies","Gobiomorphus cotidianus","Common_bully","Toitoi","Native","No",1,NA,NA,1,NA,NA,NA,NA,NA,NA
98,"98_0",2024-11-07 13:30:00,"Fyke",2,"Kōura","Paranephrops planifrons","Freshwater_crayfish","Kōura","Native","Yes",1,"F",15.15,NA,NA,NA,NA,NA,NA,NA
106,"106_0",2024-11-07 10:30:00,"Fyke",2,"Kōura","Paranephrops planifrons","Freshwater_crayfish","Kōura","Native","Yes",1,"M",15,4,NA,NA,NA,NA,NA,NA
106,"106_0",2024-11-07 10:30:00,"Fyke",2,"Kōura","Paranephrops planifrons","Freshwater_crayfish","Kōura","Native","Yes",1,"M",15,3,NA,NA,NA,NA,NA,NA
106,"106_0",2024-11-07 10:30:00,"Fyke",2,"Kōura","Paranephrops planifrons","Freshwater_crayfish","Kōura","Native","Yes",1,"M",15,2,NA,NA,NA,NA,NA,NA
102,"102_0",2024-11-07 11:26:59.995,"Fyke",2,"Kōura","Paranephrops planifrons","Freshwater_crayfish","Kōura","Native","Yes",1,"M",15,NA,NA,NA,NA,NA,NA,"scale broke"
98,"98_0",2024-11-07 13:30:00,"Fyke",2,"Kōura","Paranephrops planifrons","Freshwater_crayfish","Kōura","Native","Yes",1,"M",13.62,NA,NA,NA,NA,NA,NA,NA
98,"98_0",2024-11-07 13:30:00,"Fyke",2,"Kōura","Paranephrops planifrons","Freshwater_crayfish","Kōura","Native","Yes",1,"M",13.26,NA,NA,NA,NA,NA,NA,NA
120,"120_0",2024-11-01 10:18:00,"Fyke",2,"Kōura","Paranephrops planifrons","Freshwater_crayfish","Kōura","Native","Yes",1,"M",13,3,NA,NA,NA,NA,NA,NA
98,"98_0",2024-11-07 13:30:00,"Fyke",2,"Kōura","Paranephrops planifrons","Freshwater_crayfish","Kōura","Native","Yes",1,"M",12.9,NA,NA,NA,NA,NA,NA,NA
98,"98_0",2024-11-07 13:30:00,"Fyke",2,"Kōura","Paranephrops planifrons","Freshwater_crayfish","Kōura","Native","Yes",1,"M",12.9,NA,NA,NA,NA,NA,NA,NA
98,"98_0",2024-11-07 13:30:00,"Fyke",2,"Kōura","Paranephrops planifrons","Freshwater_crayfish","Kōura","Native","Yes",1,"F",12.05,NA,NA,NA,NA,NA,NA,NA
66,"66_0",2025-02-21 12:20:00,"Fyke",2,"Bullies","Gobiomorphus cotidianus","Common_bully","Toitoi","Native","No",NA,NA,NA,395,NA,NA,NA,2,473.176,NA
66,"66_0",2025-02-21 12:20:00,"Fyke",2,"Mosquitofish","Gambusia affinis","Gambusia","Mosquitofish","Nonnative","No",1,NA,NA,NA,NA,NA,NA,NA,NA,NA
98,"98_0",2024-11-07 13:30:00,"Fyke",2,"Kōura","Paranephrops planifrons","Freshwater_crayfish","Kōura","Native","Yes",1,"M",12.04,NA,NA,NA,NA,NA,NA,NA
66,"66_0",2025-02-21 12:20:00,"Fyke",2,"Mosquitofish","Gambusia affinis","Gambusia","Mosquitofish","Nonnative","No",2,NA,NA,NA,NA,NA,NA,NA,NA,NA
66,"66_0",2025-02-21 12:20:00,"Fyke",2,"Bullies","Gobiomorphus cotidianus","Common_bully","Toitoi","Native","No",NA,NA,NA,241,NA,NA,NA,1,236.588,NA
67,"67_0",2025-02-21 09:40:00,"Box",2,"Bullies","Gobiomorphus cotidianus","Common_bully","Toitoi","Native","No",7,NA,NA,12,NA,NA,NA,NA,NA,NA
67,"67_0",2025-02-21 09:40:00,"Fyke",2,"Bullies","Gobiomorphus cotidianus","Common_bully","Toitoi","Native","No",NA,NA,NA,106,NA,NA,NA,0.5,118.294,NA
67,"67_0",2025-02-21 09:40:00,"Fyke",2,"Common_smelt","Retropinna retropinna","Common_smelt","Common_smelt","Native","No",1,NA,NA,NA,NA,NA,NA,NA,NA,NA
67,"67_0",2025-02-21 09:40:00,"Fyke",2,"Bullies","Gobiomorphus cotidianus","Common_bully","Toitoi","Native","No",NA,NA,NA,529,NA,NA,NA,2.5,591.47,NA
67,"67_0",2025-02-21 09:40:00,"Fyke",2,"Bullies","Gobiomorphus cotidianus","Common_bully","Toitoi","Native","No",NA,NA,NA,193,NA,NA,NA,1,236.588,NA
67,"67_0",2025-02-21 09:40:00,"Fyke",2,"Bullies","Gobiomorphus cotidianus","Common_bully","Toitoi","Native","No",NA,NA,NA,216,NA,NA,NA,1,236.588,NA
117,"117_0",2024-11-01 12:30:00,"Fyke",2,"Kōura","Paranephrops planifrons","Freshwater_crayfish","Kōura","Native","Yes",1,"M",12,NA,NA,NA,NA,NA,NA,NA
98,"98_0",2024-11-07 13:30:00,"Fyke",2,"Kōura","Paranephrops planifrons","Freshwater_crayfish","Kōura","Native","Yes",1,"M",9.89,NA,NA,NA,NA,NA,NA,NA
68,"68_0",2025-02-21 11:49:59.995,"Box",2,"Bullies","Gobiomorphus cotidianus","Common_bully","Toitoi","Native","No",1,NA,NA,1,NA,NA,NA,NA,NA,NA
68,"68_0",2025-02-21 11:49:59.995,"Fyke",2,"Bullies","Gobiomorphus cotidianus","Common_bully","Toitoi","Native","No",NA,NA,NA,4000,NA,NA,NA,NA,NA,NA
66,"66_0",2025-02-21 12:20:00,"Fyke",2,"Kōura","Paranephrops planifrons","Freshwater_crayfish","Kōura","Native","Yes",1,"F",9.81,1,NA,NA,NA,NA,NA,NA
98,"98_0",2024-11-07 13:30:00,"Fyke",2,"Kōura","Paranephrops planifrons","Freshwater_crayfish","Kōura","Native","Yes",1,NA,8.72,NA,NA,NA,NA,NA,NA,NA
80,"80_0",2025-01-16 09:53:59.995,"Fyke",2,"Kōura","Paranephrops planifrons","Freshwater_crayfish","Kōura","Native","Yes",1,"M",7.02,0.2,NA,NA,NA,NA,NA,NA
114,"114_0",2024-11-01 11:30:00,"Fyke",2,"Trout","Oncorhynchus mykiss","Rainbow_trout","Rainbow_trout","Nonnative","No",1,"M",560,1200,NA,NA,NA,NA,NA,NA
69,"69_0",2025-02-21 01:30:00,"Box",2,"Bullies","Gobiomorphus cotidianus","Common_bully","Toitoi","Native","No",4,NA,NA,4,NA,NA,NA,NA,NA,NA
69,"69_0",2025-02-21 01:30:00,"Fyke",2,"Bullies","Gobiomorphus cotidianus","Common_bully","Toitoi","Native","No",NA,NA,NA,605,NA,NA,NA,2.5,591.47,"Lots of algea"
69,"69_0",2025-02-21 01:30:00,"Fyke",2,"Bullies","Gobiomorphus cotidianus","Common_bully","Toitoi","Native","No",NA,NA,NA,308,NA,NA,NA,1.5,354.882,NA
69,"69_0",2025-02-21 01:30:00,"Fyke",2,"Common_smelt","Retropinna retropinna","Common_smelt","Common_smelt","Native","No",2,NA,NA,NA,NA,NA,NA,NA,NA,NA
69,"69_0",2025-02-21 01:30:00,"Fyke",2,"Bullies","Gobiomorphus cotidianus","Common_bully","Toitoi","Native","No",NA,NA,NA,528,NA,NA,NA,2.5,591.47,"Lots of algea"
69,"69_0",2025-02-21 01:30:00,"Fyke",2,"Bullies","Gobiomorphus cotidianus","Common_bully","Toitoi","Native","No",NA,NA,NA,552,NA,NA,NA,2.5,591.47,NA
69,"69_0",2025-02-21 01:30:00,"Fyke",2,"Bullies","Gobiomorphus cotidianus","Common_bully","Toitoi","Native","No",NA,NA,NA,248,NA,NA,NA,1.25,295.735,NA
69,"69_0",2025-02-21 01:30:00,"Fyke",2,"Catfish","Ameiurus nebulosus","Catfish","Catfish","Nonnative","No",1,NA,70,2,NA,NA,NA,NA,NA,NA
70,"70_0",2025-02-21 02:45:00,"Box",2,"Bullies","Gobiomorphus cotidianus","Common_bully","Toitoi","Native","No",15,NA,NA,20,NA,NA,NA,NA,NA,NA
70,"70_0",2025-02-21 02:45:00,"Fyke",2,"Bullies","Gobiomorphus cotidianus","Common_bully","Toitoi","Native","No",NA,NA,NA,4000,NA,NA,NA,NA,NA,NA
70,"70_0",2025-02-21 02:45:00,"Fyke",2,"Bullies","Gobiomorphus cotidianus","Common_bully","Toitoi","Native","No",NA,NA,NA,4500,NA,NA,NA,NA,NA,NA
71,"71_0",2025-02-21 04:00:00,"Box",2,"Bullies","Gobiomorphus cotidianus","Common_bully","Toitoi","Native","No",1,NA,NA,NA,NA,NA,NA,NA,NA,NA
71,"71_0",2025-02-21 04:00:00,"Fyke",2,"Bullies","Gobiomorphus cotidianus","Common_bully","Toitoi","Native","No",NA,NA,NA,535,NA,NA,NA,2.5,591.47,NA
71,"71_0",2025-02-21 03:59:59.995,"Fyke",2,"Bullies","Gobiomorphus cotidianus","Common_bully","Toitoi","Native","No",NA,NA,NA,340,NA,NA,NA,1.5,354.882,NA
71,"71_0",2025-02-21 03:59:59.995,"Fyke",2,"Bullies","Gobiomorphus cotidianus","Common_bully","Toitoi","Native","No",NA,NA,NA,240,NA,NA,NA,1,236.588,NA
71,"71_0",2025-02-21 03:59:59.995,"Fyke",2,"Eel","Anguilla dieffenbachii","Long_fin_eel","Tuna","Native","Yes",NA,NA,850,3000,NA,NA,NA,NA,NA,NA
71,"71_0",2025-02-21 03:59:59.995,"Fyke",2,"Eel","Anguilla dieffenbachii","Long_fin_eel","Tuna","Native","Yes",NA,NA,650,600,NA,NA,NA,NA,NA,NA
71,"71_0",2025-02-21 03:59:59.995,"Fyke",2,"Eel","Anguilla dieffenbachii","Long_fin_eel","Tuna","Native","Yes",NA,NA,600,500,NA,NA,NA,NA,NA,NA
71,"71_0",2025-02-21 03:59:59.995,"Fyke",2,"Bullies","Gobiomorphus cotidianus","Common_bully","Toitoi","Native","No",NA,NA,NA,528,NA,NA,NA,2.5,591.47,NA
71,"71_0",2025-02-21 03:59:59.995,"Fyke",2,"Bullies","Gobiomorphus cotidianus","Common_bully","Toitoi","Native","No",NA,NA,NA,454,NA,NA,NA,2,473.176,NA
71,"71_0",2025-02-21 03:59:59.995,"Fyke",2,"Bullies","Gobiomorphus cotidianus","Common_bully","Toitoi","Native","No",NA,NA,NA,220,NA,NA,NA,1,236.588,NA
72,"72_0",2025-02-21 11:30:00,"Box",2,"Bullies","Gobiomorphus cotidianus","Common_bully","Toitoi","Native","No",5,NA,NA,7,NA,NA,NA,NA,NA,NA
72,"72_0",2025-02-21 11:30:00,"Fyke",2,"Bullies","Gobiomorphus cotidianus","Common_bully","Toitoi","Native","No",NA,NA,NA,2400,NA,NA,NA,NA,NA,NA
72,"72_0",2025-02-21 11:30:00,"Fyke",2,"Bullies","Gobiomorphus cotidianus","Common_bully","Toitoi","Native","No",NA,NA,NA,1400,NA,NA,NA,NA,NA,NA
